,0
2010-01-04,0.0
2010-01-05,
2010-01-06,0.0008106029751570572
2010-01-07,
2010-01-08,0.013200077980565758
2010-01-11,0.014541002769190582
2010-01-12,-0.031818790110551734
2010-01-13,0.010228649155727885
2010-01-14,-0.006390629222255457
2010-01-15,-0.00379000716296983
2010-01-18,0.004078081217383205
2010-01-19,-0.011382832342479306
2010-01-20,-0.004315366175184571
2010-01-21,0.01870221979774348
2010-01-22,-0.0079177644925164
2010-01-25,-0.005807389837294402
2010-01-26,0.0
2010-01-27,0.0052407090107914
2010-01-28,0.001552014184684686
2010-01-29,0.008978880813646992
2010-02-01,0.0010699117200538492
2010-02-02,-0.019821546921462492
2010-02-03,-0.015542478120669348
2010-02-04,-0.009233155207829654
2010-02-05,0.016626654952320272
2010-02-08,0.0022560379165742026
2010-02-09,0.004612841042285376
2010-02-10,-0.018854166756393738
2010-02-11,0.0007402136253147339
2010-02-12,-0.01845479035761427
2010-02-17,0.01644329637580524
2010-02-18,-0.005443851016340505
2010-02-19,-0.0032085996064857066
2010-02-22,-0.00036641389847780485
2010-02-23,-0.007658317048492146
2010-02-24,0.04933299253909873
2010-02-25,0.030221940521177413
2010-02-26,0.031286206707009254
2010-03-01,0.0025956754654046614
2010-03-02,0.010228197852337124
2010-03-03,-0.011149346995237282
2010-03-04,0.012478306093896715
2010-03-05,-0.028958747242022048
2010-03-08,-0.0031182623830108415
2010-03-09,0.06028576651364566
2010-03-10,-0.006032243520525847
2010-03-11,-0.007440623643088673
2010-03-12,-0.00430757404706854
2010-03-15,0.010674367014154678
2010-03-16,-0.0005842210582023587
2010-03-17,0.008280826520393962
2010-03-18,-0.0067538555686598705
2010-03-19,-0.005057797290249091
2010-03-22,0.00032980861167024187
2010-03-23,-0.0013880028088826533
2010-03-24,0.0028059337681036614
2010-03-25,0.01979989571402821
2010-03-26,-0.0030902035310857584
2010-03-29,0.0048942274333533785
2010-03-30,-0.021427057179974417
2010-03-31,-0.009333571056904627
2010-04-01,-0.0018563122615759594
2010-04-05,
2010-04-06,-0.004867661153167096
2010-04-07,-0.0008282285874341537
2010-04-08,-0.012487291204851519
2010-04-09,-0.008959303449622197
2010-04-12,0.01804740354074836
2010-04-13,
2010-04-14,-0.004878376841464563
2010-04-15,0.0006692361174833877
2010-04-16,-0.008067724263895263
2010-04-19,
2010-04-20,-0.010777621285763376
2010-04-22,-0.0023112666549350053
2010-04-23,
2010-04-26,0.04041558381744148
2010-04-27,-0.010711897500046834
2010-04-28,-0.0017486995317151262
2010-04-29,-0.00031717184427364697
2010-04-30,-0.014906266848487754
2010-05-03,-0.014721598145874305
2010-05-04,0.005804412632066769
2010-05-05,0.0011399866663960728
2010-05-06,0.016139379537369422
2010-05-07,-0.004554302810441769
2010-05-10,-0.002957953536204639
2010-05-11,-0.0197839150311351
2010-05-12,0.003529793933418625
2010-05-13,0.0018878050110759104
2010-05-14,0.0021747559056475942
2010-05-17,0.00907249908799353
2010-05-18,-0.01762478689283507
2010-05-19,0.007474849904919173
2010-05-20,0.001006228094357322
2010-05-21,0.006068300944241777
2010-05-24,-0.006486760082840288
2010-05-25,0.0016278577256677057
2010-05-26,0.0008076801791871372
2010-05-27,-0.007127921759394765
2010-05-28,-0.0005511304161521409
2010-05-31,0.038040975389877274
2010-06-01,0.0013142761239412666
2010-06-02,0.003899257615394197
2010-06-04,-0.023903072385420075
2010-06-07,0.0030930972256171304
2010-06-08,0.009589734164099854
2010-06-09,0.0006563489569402781
2010-06-10,0.024125137268038062
2010-06-11,0.0032197478226116544
2010-06-14,-0.003072680603789203
2010-06-15,0.004276756434931132
2010-06-16,-0.0012550905853722216
2010-06-17,-0.010402123119368438
2010-06-18,-0.0043574974913165405
2010-06-21,0.013321995780308819
2010-06-22,-0.009436076485504164
2010-06-23,0.015098853021347235
2010-06-24,-0.01608743891127159
2010-06-25,0.0058156089155660205
2010-06-28,-0.0064726822664821475
2010-06-29,-0.02358866719141977
2010-06-30,0.005391603202787025
2010-07-01,0.006694804466345075
2010-07-02,-0.002326046665660164
2010-07-05,0.009512342012205226
2010-07-06,-0.020896715031860226
2010-07-07,0.20705359808603574
2010-07-08,-0.006485849853863447
2010-07-09,0.0006567930518056996
2010-07-12,0.0
2010-07-13,-5.182611709879858e-05
2010-07-14,-0.007845831794525342
2010-07-15,0.0005308402824674534
2010-07-16,-0.001219052877830661
2010-07-19,0.01382535410992966
2010-07-20,-0.012340764797091713
2010-07-21,-0.0034957801849985204
2010-07-22,0.019254447248730804
2010-07-23,-0.01650043401530682
2010-07-26,0.05188486712513712
2010-07-27,-0.004756833959557659
2010-07-28,-0.009224859055109533
2010-07-29,0.009816827087931336
2010-07-30,-0.005214666515057427
2010-08-02,0.0006614981104500414
2010-08-03,-0.009604019252543745
2010-08-04,0.015554276783025804
2010-08-05,-0.00045164041170289975
2010-08-06,0.0035357510366160047
2010-08-09,0.008328075430396898
2010-08-10,-0.00841555442757752
2010-08-11,0.0010508714715200358
2010-08-12,0.008284177678124104
2010-08-13,0.014870982137510542
2010-08-16,0.013680591192020206
2010-08-17,-0.005180520784845927
2010-08-18,-0.004227333840572052
2010-08-19,-0.009294240280431094
2010-08-20,0.0038673800167153094
2010-08-23,-0.005982071823161207
2010-08-24,0.007966599573161042
2010-08-25,0.03684965631658283
2010-08-26,0.01689102352080673
2010-08-27,0.00955045970428495
2010-08-30,-0.019715226556360953
2010-08-31,-0.005314706409066945
2010-09-01,0.0451816430860998
2010-09-02,0.00914132750375973
2010-09-03,0.014404296523740492
2010-09-06,0.023691598921366366
2010-09-08,-0.0039032399935330525
2010-09-09,0.004105904340049583
2010-09-10,0.03291246242633408
2010-09-13,0.00145285767250713
2010-09-14,-0.01315714863041296
2010-09-15,
2010-09-16,-0.009541835357454969
2010-09-17,0.00880563549273862
2010-09-20,0.0018912863433333611
2010-09-21,-0.022442841474325875
2010-09-22,-0.007054885899894683
2010-09-23,4.460480798637562e-05
2010-09-24,0.0027893740312822457
2010-09-27,0.016600441130633643
2010-09-28,-0.011648726123883176
2010-09-29,-0.0004794102431606587
2010-09-30,-0.0061460919365895405
2010-10-01,-0.0008245929497549698
2010-10-04,-0.014983991204713444
2010-10-05,0.03787470348593447
2010-10-06,-0.018549062711144506
2010-10-07,0.004281181977648427
2010-10-08,0.005389947197561239
2010-10-11,0.038524733910833775
2010-10-13,-0.007051331196507501
2010-10-14,-0.005320290530554557
2010-10-15,-0.0056528411004828595
2010-10-18,-0.008656899495167044
2010-10-19,0.010233737002422087
2010-10-20,0.006084518329919792
2010-10-21,-0.0003486800671236275
2010-10-22,0.018091563657274073
2010-10-25,-0.0014348272485880135
2010-10-26,
2010-10-27,-0.007104853524081629
2010-10-28,-0.007182298707976102
2010-10-29,-0.005796278019158824
2010-11-01,-0.009807862950991413
2010-11-03,
2010-11-04,-0.01650940219658707
2010-11-05,-0.006652314982164456
2010-11-08,0.0087139171276839
2010-11-09,0.0010418822760768667
2010-11-10,0.007859924466268861
2010-11-11,0.007384455076374987
2010-11-12,-0.007521548655191573
2010-11-16,0.0069129491509372755
2010-11-17,-0.0008130711588026154
2010-11-18,-0.0014036758332878659
2010-11-19,-0.003557329776555273
2010-11-22,-0.006361996831340582
2010-11-23,0.005615359421498562
2010-11-24,0.01766088427091736
2010-11-25,-0.007767126327262244
2010-11-26,0.006132838412825791
2010-11-29,0.007909534373643654
2010-11-30,0.0017919681738785926
2010-12-01,-0.006279503681050771
2010-12-02,-0.013313229542231209
2010-12-03,0.002465715880319852
2010-12-06,-0.013523038583831005
2010-12-07,-0.00043764900244906094
2010-12-08,0.04678091959752922
2010-12-09,-0.0059882650886966
2010-12-10,0.006515585802118375
2010-12-13,-0.0056637819686794
2010-12-14,0.01433362958736619
2010-12-15,-0.008554566306813739
2010-12-16,-0.0004222865182066434
2010-12-17,0.01956866528340203
2010-12-20,-0.008398436000944755
2010-12-21,0.019093046961235892
2010-12-22,0.1855270164210819
2010-12-23,0.006062766876945119
2010-12-24,-0.0049278976402586175
2010-12-27,0.0
2010-12-28,0.006406225237790186
2010-12-29,0.0025980867964013462
2010-12-30,0.013933289646032694
2010-12-31,0.04455846136456244
2011-01-03,0.0
2011-01-04,
2011-01-05,-0.0079710895236413
2011-01-06,-0.007944202845937286
2011-01-07,0.006933630585164141
2011-01-10,0.005355494678171336
2011-01-11,-0.002498946375504977
2011-01-12,-0.012709001616298263
2011-01-13,-0.011654608715711761
2011-01-14,0.004887153782082168
2011-01-17,-0.0005273137951599667
2011-01-18,0.0020722186554744918
2011-01-19,-0.010104871943851245
2011-01-20,0.009874067028373913
2011-01-21,0.010701629994880332
2011-01-24,0.005559981742109638
2011-01-25,-0.005542057854842949
2011-01-26,0.0
2011-01-27,0.008597705727265832
2011-01-28,0.010651438424737153
2011-01-31,0.016270881070706525
2011-02-01,-0.00799654560199813
2011-02-02,-0.008387959996158486
2011-02-03,
2011-02-04,-0.023133214527820658
2011-02-07,0.029128096562501156
2011-02-08,-0.01093825219185764
2011-02-09,-0.01487286687733412
2011-02-10,0.002558293861860763
2011-02-11,0.003109944280205912
2011-02-14,-0.012718594441360415
2011-02-15,0.003715781816210356
2011-02-16,-0.011758561391876587
2011-02-17,-0.01656964372708445
2011-02-18,-0.0035291719166206104
2011-02-21,-0.028533550640802395
2011-02-22,0.021980602242539296
2011-02-23,-0.0008399190107235381
2011-02-24,0.009256504567949348
2011-02-25,0.0
2011-02-28,-0.0029257493005288783
2011-03-01,0.000522423516485437
2011-03-02,0.01113409144028955
2011-03-03,-0.00599720506149054
2011-03-04,-0.016253242316542404
2011-03-09,0.0025847228658789157
2011-03-10,0.0
2011-03-11,0.009231451441512592
2011-03-14,-0.02461172706150118
2011-03-15,-0.009015935832589299
2011-03-16,-0.000657392200516919
2011-03-17,0.0035464242967799915
2011-03-18,-0.011144945583495606
2011-03-21,-0.0012350723415182063
2011-03-22,-0.023860286751639974
2011-03-23,0.007820353407986983
2011-03-24,-0.013892543058068679
2011-03-25,-0.012968462958730064
2011-03-28,0.015981068434630083
2011-03-29,0.003574635439894674
2011-03-30,0.010658269872818541
2011-03-31,0.0031160604503368402
2011-04-01,0.007868536896445183
2011-04-04,0.0016393726183065466
2011-04-05,-0.020314426655626883
2011-04-06,0.01950560757371688
2011-04-07,0.007765524801009328
2011-04-08,0.02084372999044579
2011-04-11,0.006571244694958558
2011-04-12,0.01266258069739895
2011-04-13,0.0046188880010306025
2011-04-14,-0.0005952013151407404
2011-04-15,0.004874135937186488
2011-04-18,0.0037627529268049855
2011-04-19,-0.0028912673325910943
2011-04-20,-0.006752177804289765
2011-04-25,-0.01370972813266544
2011-04-26,0.0006540775668087628
2011-04-27,0.012420541724556058
2011-04-28,-0.0058395933357828275
2011-04-29,-0.0010970163442094137
2011-05-02,-0.007629688843883053
2011-05-03,
2011-05-04,0.0032122052411630384
2011-05-05,-0.002043834237068001
2011-05-06,-0.009958773104300427
2011-05-09,-0.007470382458585124
2011-05-10,
2011-05-11,-0.0011850296599659194
2011-05-12,0.0010877043013772262
2011-05-13,-0.011195506162631312
2011-05-16,0.006744113328017822
2011-05-17,0.007343390111741344
2011-05-18,-0.0028289714164911883
2011-05-19,0.01597324948845561
2011-05-20,-0.0010412215778321156
2011-05-23,0.0038915788408466043
2011-05-24,0.008818145652734916
2011-05-25,-0.007223016811233107
2011-05-26,0.005408919036272171
2011-05-27,-0.005024172991665111
2011-05-30,0.011488309746349866
2011-05-31,0.00365962488249217
2011-06-01,-0.008612573717254083
2011-06-02,0.008702421333092222
2011-06-03,-0.010899107249280938
2011-06-06,-0.004343493930234077
2011-06-07,-0.0007678530547609811
2011-06-08,0.0022031432590589014
2011-06-09,0.0028483642180940657
2011-06-10,-0.008091147603439514
2011-06-13,0.009810461578711512
2011-06-14,0.00027505458801933575
2011-06-15,-0.00950945588592611
2011-06-16,0.005995690560519164
2011-06-17,0.005547531760186133
2011-06-20,0.002535750089134234
2011-06-21,0.004916443105118906
2011-06-22,-0.0001758511365764822
2011-06-24,-0.00010866742047620616
2011-06-27,-0.004467352523018747
2011-06-28,-0.01487202789477984
2011-06-29,-0.013057776929095823
2011-06-30,
2011-07-01,0.020884965869100425
2011-07-04,
2011-07-05,-0.0107367475688876
2011-07-06,0.016831611528973254
2011-07-07,0.01980832345217986
2011-07-08,0.013464397508543518
2011-07-11,0.004141184395425085
2011-07-12,0.008868432342677233
2011-07-13,0.005183473491841429
2011-07-14,-0.021333993225004146
2011-07-15,-0.0024550713594238376
2011-07-18,0.01958544318006436
2011-07-19,0.0061583445235583595
2011-07-20,-0.021244160770503395
2011-07-21,-0.007207332822675586
2011-07-22,-0.010550550198320777
2011-07-25,-0.014641928208405593
2011-07-26,
2011-07-27,0.0028119479810136466
2011-07-28,0.011970981293879777
2011-07-29,-9.857024449338569e-05
2011-08-01,-0.014741292853069032
2011-08-02,0.007222295753676073
2011-08-03,0.01205134255121625
2011-08-04,-0.001803042476975398
2011-08-05,0.0076547195516587785
2011-08-08,-0.00967739485391109
2011-08-09,0.021202983540657742
2011-08-10,-0.012990998888869135
2011-08-11,-0.0059089199307395465
2011-08-12,-0.00367873271314054
2011-08-15,0.0003577359190724502
2011-08-16,-0.033984613257088216
2011-08-17,0.010238771105020724
2011-08-18,-0.025682440600026515
2011-08-19,0.005248463228726893
2011-08-22,0.005232510899407351
2011-08-23,-0.002700995725335614
2011-08-24,-0.01585138889811761
2011-08-25,-0.005962421770465892
2011-08-26,0.006458462337567938
2011-08-29,0.003383389506118031
2011-08-30,-0.008609376951527699
2011-08-31,-0.009018787820985632
2011-09-01,-0.01889428705896365
2011-09-02,-0.026300811104723595
2011-09-05,0.018532247924316785
2011-09-06,0.008778170669080512
2011-09-08,-0.0157068167260988
2011-09-09,-0.008475851007527655
2011-09-12,0.01941712691246999
2011-09-13,-0.0008233388820124304
2011-09-14,-0.0028264279885882957
2011-09-15,-0.01610374281463403
2011-09-16,0.0005645636080535395
2011-09-19,-0.02193239696035055
2011-09-20,0.010176785165841674
2011-09-21,0.007168859404523708
2011-09-22,0.011756384091299988
2011-09-23,0.022900132871616612
2011-09-26,0.010266874222696358
2011-09-27,-0.011876378393607782
2011-09-28,-0.010698833308622334
2011-09-29,0.004811192629792193
2011-09-30,-0.005746837192469101
2011-10-03,0.0177540385970471
2011-10-04,0.008863025376186048
2011-10-05,-0.014332367356472746
2011-10-06,-0.010866264803638653
2011-10-07,-0.00999794726111701
2011-10-10,0.005986977597193294
2011-10-11,-0.036090889431374014
2011-10-13,-0.006773296567471207
2011-10-14,-0.0013465071639955084
2011-10-17,0.0004584567300519853
2011-10-18,0.0067787835267756735
2011-10-19,-0.009213429802789306
2011-10-20,-0.01828024007987538
2011-10-21,0.006859302301225261
2011-10-24,-0.017251964720186693
2011-10-25,-0.02097625433290145
2011-10-26,-0.000301311425009795
2011-10-27,0.0003158872390845568
2011-10-28,0.0015998910220369374
2011-10-31,-0.01331941742093784
2011-11-01,0.00668537151038206
2011-11-03,0.029957319778245253
2011-11-04,0.002449768937443867
2011-11-07,0.0037799565332826347
2011-11-08,-0.009351010154525306
2011-11-09,-0.000138942691262447
2011-11-10,0.017267501949035195
2011-11-11,0.01851306939930561
2011-11-14,-0.012674379375284192
2011-11-16,0.0058749069247391065
2011-11-17,-0.004326241672341312
2011-11-18,0.016418693276329374
2011-11-21,0.0025232295366125626
2011-11-22,-0.002726266538496641
2011-11-23,0.19260615405401801
2011-11-24,0.011399719194503144
2011-11-25,-0.01406571323244825
2011-11-28,-0.005558252565268439
2011-11-29,-0.008222709817035921
2011-11-30,0.0039071434041981325
2011-12-01,-0.02626548156256643
2011-12-02,-0.026426464372794292
2011-12-05,0.010168609178772856
2011-12-06,-0.01044310679931633
2011-12-07,-0.021100743098943477
2011-12-08,0.010454096666675891
2011-12-09,0.0160056122221032
2011-12-12,-0.01303740485331329
2011-12-13,-0.0014396731251153172
2011-12-14,0.024410375600160975
2011-12-15,0.0038483044480333763
2011-12-16,-0.00762357175492234
2011-12-19,0.0031102664455895865
2011-12-20,0.006068327395047958
2011-12-21,-0.020307259793246674
2011-12-22,0.006844339796088512
2011-12-23,0.007650997152432503
2011-12-26,0.0004144938882901083
2011-12-27,-0.001972301253229487
2011-12-28,-0.02040627731370108
2011-12-29,0.02205528258012974
2011-12-30,0.006521609554496242
2012-01-02,0.0
2012-01-03,-0.016612445678195503
2012-01-04,-0.013699592370479675
2012-01-05,0.0024219603887020553
2012-01-06,0.010749518097203833
2012-01-09,-0.01349154148680348
2012-01-10,-0.020749855118288793
2012-01-11,-0.0011306523611956621
2012-01-12,-0.004713102217958428
2012-01-13,0.0020638191183477055
2012-01-16,0.01341926885376962
2012-01-17,-0.002856513442044288
2012-01-18,0.2564472488850859
2012-01-19,-0.017222227953478844
2012-01-20,-0.014567373780749265
2012-01-23,-0.012668669454189568
2012-01-24,0.0025578390597854805
2012-01-25,0.009188511078206132
2012-01-26,0.0
2012-01-27,-0.021445205642956672
2012-01-30,-0.0006796449242151207
2012-01-31,0.005828403312423977
2012-02-01,0.004053212919449546
2012-02-02,-0.024343863522677544
2012-02-03,-0.007687917642481078
2012-02-06,-0.008489465722997616
2012-02-07,0.0019715492545365008
2012-02-08,0.006854131523921203
2012-02-09,0.005661464523532761
2012-02-10,-0.014272784052826042
2012-02-13,-0.0017759148235438845
2012-02-14,-0.013176882263014692
2012-02-15,0.1831666474308473
2012-02-16,-0.012273137202548084
2012-02-17,-0.009120445385550985
2012-02-22,0.0007181230191184267
2012-02-23,0.0
2012-02-24,0.005946080523487768
2012-02-27,0.0023080586593851346
2012-02-28,-0.0026838210130159497
2012-02-29,-0.006527657466516861
2012-03-01,0.0023507730126828617
2012-03-02,-0.007905202505640137
2012-03-05,0.005699718790401039
2012-03-06,0.0015574081719426992
2012-03-07,0.04803592837132853
2012-03-08,0.012177844392552895
2012-03-09,-0.004673026657074255
2012-03-12,-0.0019447252487326838
2012-03-13,0.005888502865511373
2012-03-14,-0.017424780235591568
2012-03-15,
2012-03-16,0.004706117419537791
2012-03-19,0.01314324151449155
2012-03-20,-0.0024005735717269844
2012-03-21,0.19909608635179982
2012-03-22,0.0048997838294652565
2012-03-23,0.001162353740730882
2012-03-26,0.0007217383465837235
2012-03-27,-0.022382004996148647
2012-03-28,0.004555346520790801
2012-03-29,0.005631085725648179
2012-03-30,0.0005460112435434691
2012-04-02,-0.008430744722855658
2012-04-03,-0.014005074896451647
2012-04-04,-0.0030182695425187986
2012-04-05,-0.0015412056545771446
2012-04-09,-0.0001534135611583184
2012-04-10,0.006607319079695693
2012-04-11,0.20307779568090342
2012-04-12,-0.0024273685083325168
2012-04-13,0.20161985162299711
2012-04-16,0.028267593631987015
2012-04-17,-0.002895515513077845
2012-04-18,-0.010048305937400942
2012-04-19,-0.009468925769411995
2012-04-20,-0.006679195670105797
2012-04-23,0.007315997551532391
2012-04-24,
2012-04-25,-0.007122953808610668
2012-04-26,-0.0017587286231727133
2012-04-27,-0.011728250439147242
2012-04-30,
2012-05-02,0.004722669938556758
2012-05-03,0.0033484475816092166
2012-05-04,-0.025517151707102535
2012-05-07,-0.0025714538540290398
2012-05-08,-0.016342692656518977
2012-05-09,0.003917952038913538
2012-05-10,0.008020769802704232
2012-05-11,-0.008303978435419839
2012-05-14,-0.006420846134526354
2012-05-15,0.015269316032648321
2012-05-16,-0.010298408375494006
2012-05-17,-0.011250062211051595
2012-05-18,0.21187770522315766
2012-05-21,-0.008741450372689804
2012-05-22,-0.007378276952192578
2012-05-23,0.03580381407176143
2012-05-24,-0.002481331180161004
2012-05-25,0.019981098377767466
2012-05-28,-0.022450275544617555
2012-05-29,0.18031785714725213
2012-05-30,0.017855654202357296
2012-05-31,0.01348588742232867
2012-06-01,-0.010640361737039241
2012-06-04,-0.00012077292235763287
2012-06-05,-0.003318957149869681
2012-06-06,0.002305506922957109
2012-06-08,-0.020188476287484956
2012-06-11,-0.010801022928816744
2012-06-12,-0.006539525919133923
2012-06-13,-0.013808842806546866
2012-06-14,-0.002223944855942327
2012-06-15,0.004987017723525131
2012-06-18,-0.0016600465712117473
2012-06-19,0.018780488460280235
2012-06-20,-0.0050389675934496975
2012-06-21,-0.002044882286724775
2012-06-22,0.02183788793840336
2012-06-25,0.0071428105326228845
2012-06-26,-0.0030854207031373176
2012-06-27,0.008379767132817883
2012-06-28,-0.00011426560465481635
2012-06-29,-0.007724823898031369
2012-07-02,-0.012152725883369367
2012-07-03,-0.017913063445572353
2012-07-04,-0.02342476128963486
2012-07-05,0.005028707573753061
2012-07-06,0.004358748150396739
2012-07-09,0.01487743322010421
2012-07-10,0.0
2012-07-11,0.025201688932370035
2012-07-12,0.008470622922687673
2012-07-13,-0.019931875097643787
2012-07-16,-0.0013602577785303584
2012-07-17,0.012975308769942455
2012-07-18,-0.009193332831166778
2012-07-19,-0.005330298667004332
2012-07-20,-0.005570479405629778
2012-07-23,0.011219858077944372
2012-07-24,-0.0011617225610494886
2012-07-25,0.01328736819352255
2012-07-26,0.01048848336468183
2012-07-27,-0.026094030336829138
2012-07-30,-0.014104953562892802
2012-07-31,-0.010967801307899138
2012-08-01,0.004363065041579533
2012-08-02,-0.0015880981513638347
2012-08-03,0.025137366641720248
2012-08-06,-0.032753160772475684
2012-08-07,-0.027188314960009174
2012-08-08,0.012603988312220276
2012-08-09,0.009005738484126294
2012-08-10,-0.010830155546011432
2012-08-13,-0.003168088060187944
2012-08-14,0.011144053123370705
2012-08-15,0.01704580285059082
2012-08-16,0.005550821915287004
2012-08-17,-0.012662907474387333
2012-08-20,0.007047057513789597
2012-08-21,-0.0041199145566329694
2012-08-22,-0.0025959257472032682
2012-08-23,-0.009617908052079639
2012-08-24,0.0066728154095277315
2012-08-27,0.005772450042780254
2012-08-28,0.005733686091268365
2012-08-29,-0.011190550786550714
2012-08-30,0.02448710474542565
2012-08-31,-0.001744169801591266
2012-09-03,-0.001918619902572494
2012-09-04,-0.011658351375457367
2012-09-05,0.017464737372387868
2012-09-06,-0.0008596630919653417
2012-09-10,-0.015835621888093628
2012-09-11,-0.009353398027678284
2012-09-12,-0.009717542284644758
2012-09-13,0.003371108329381896
2012-09-14,-0.0355659656725923
2012-09-17,0.02733701422732004
2012-09-18,0.003935250522078842
2012-09-19,-0.0002941444153324984
2012-09-20,0.0005809366144085594
2012-09-21,0.004957910262360307
2012-09-24,0.0008050986305210676
2012-09-25,0.002082821349993576
2012-09-26,0.00931234460803321
2012-09-27,0.0011056961352998934
2012-09-28,-0.0026720184024586623
2012-10-01,0.005974484748545417
2012-10-02,-0.017328814380525377
2012-10-03,-0.0046353628622232464
2012-10-04,0.0034090385831361484
2012-10-05,0.003103024008277798
2012-10-08,-0.019166132585538738
2012-10-09,-0.010169275708901252
2012-10-10,-0.003038323979372948
2012-10-11,0.0011327290211948686
2012-10-15,-0.009397430060274485
2012-10-16,-0.0006116462709424807
2012-10-17,0.0076504618255039784
2012-10-18,0.008754232391211958
2012-10-19,0.005437536258223768
2012-10-22,0.005390570384914023
2012-10-23,-0.004451417556445296
2012-10-24,0.044367053068988596
2012-10-25,0.0014223467832820797
2012-10-26,0.0009394408961833044
2012-10-29,0.004230272559575934
2012-10-30,-0.008327031100836355
2012-10-31,0.007801736225400327
2012-11-01,-0.0009830174453080184
2012-11-05,-0.015667318040489736
2012-11-06,-0.007246599665916663
2012-11-07,-0.013550881488730284
2012-11-08,0.0105580349110084
2012-11-09,0.006569647957901024
2012-11-12,-0.008262095467125894
2012-11-13,0.014300283102006879
2012-11-14,-0.008715907323472992
2012-11-16,0.01812950293124799
2012-11-19,-0.0012099261618586936
2012-11-20,0.009254680511971364
2012-11-21,0.0
2012-11-22,-0.0060640150028106405
2012-11-23,-0.009097790445017129
2012-11-26,-0.01330933204774765
2012-11-27,0.0004880453540673348
2012-11-28,0.0019196146508792145
2012-11-29,-0.015794635940417415
2012-11-30,-0.0042370818642661215
2012-12-03,-0.004673202496753454
2012-12-04,-0.023251555681525506
2012-12-05,-0.017949041836021383
2012-12-06,0.008917713750414703
2012-12-07,0.007241239603103582
2012-12-10,-0.00995207454792192
2012-12-11,-0.012765766043729594
2012-12-12,-0.0028941843494457815
2012-12-13,-0.007574627717093175
2012-12-14,-0.0030931349022135495
2012-12-17,-0.0020304074650144234
2012-12-18,-0.0015208036485365086
2012-12-19,-0.014704940288882425
2012-12-20,-0.004849925184352561
2012-12-21,-0.01626238940628506
2012-12-24,0.0013570763644200254
2012-12-26,0.0
2012-12-27,0.009192104618602068
2012-12-28,-0.009809614007863803
2012-12-31,0.04890922031370824
2013-01-02,0.0
2013-01-03,-0.02120820935297837
2013-01-04,0.0039482653112413914
2013-01-07,0.018413257718490023
2013-01-08,0.004764607585600669
2013-01-09,0.015775359725991936
2013-01-10,-0.006845748713811892
2013-01-11,0.01634520521202807
2013-01-14,-0.0012366899420475086
2013-01-15,-0.01865868446146937
2013-01-16,0.004671057663595039
2013-01-17,-0.004194593126669521
2013-01-18,-0.016449957955547163
2013-01-21,0.02219276791471356
2013-01-22,-0.005757826982323317
2013-01-23,0.0015975888475681075
2013-01-24,0.004132476772305948
2013-01-25,0.006248459781299112
2013-01-28,0.0
2013-01-29,0.005308663954064439
2013-01-30,-0.016403779186835485
2013-01-31,-0.004633731735323001
2013-02-01,-0.017952944989381783
2013-02-04,-0.001479327816289391
2013-02-05,0.00654735432603139
2013-02-06,-0.012294606441920633
2013-02-07,-0.011961227761482479
2013-02-08,-0.008299564135165683
2013-02-13,
2013-02-14,0.005802632521633877
2013-02-15,0.0005339226226466965
2013-02-18,0.0021486507930209998
2013-02-19,0.015348186646995344
2013-02-20,-0.013310244917787012
2013-02-21,0.01451932554500604
2013-02-22,-0.008867616721320965
2013-02-25,-0.008576270172141479
2013-02-26,-0.008633845785518172
2013-02-27,-0.0019942543745316756
2013-02-28,0.0031264309583245655
2013-03-01,-0.00656555835208295
2013-03-04,0.004841154003628415
2013-03-05,-0.00022875224125823565
2013-03-06,-0.0011608482090802019
2013-03-07,-0.021833599129333754
2013-03-08,0.00369574501810703
2013-03-11,
2013-03-12,-0.007119700837960905
2013-03-13,0.0002529497625054854
2013-03-14,-0.0010573647911537453
2013-03-15,-0.013240797175603265
2013-03-18,0.011973980120101394
2013-03-19,-0.008348159233723893
2013-03-20,0.013004025281534305
2013-03-21,0.007499494502545565
2013-03-22,0.018961033159350098
2013-03-25,-0.0034085564063182105
2013-03-26,-0.005997784227084421
2013-03-27,-0.006314398163404102
2013-03-28,-0.012258298213628055
2013-04-01,0.013992238835721812
2013-04-02,0.00903800511281403
2013-04-03,0.021662981854230004
2013-04-04,-0.02120806303407674
2013-04-05,-0.005207166836909798
2013-04-08,-0.017273260331646112
2013-04-09,-0.00045880528413443566
2013-04-10,-0.013077386190181811
2013-04-11,-0.013717993395439443
2013-04-12,0.014980213724505602
2013-04-15,-0.00287935278666248
2013-04-16,0.02509042228456211
2013-04-17,-0.008516323755612072
2013-04-18,-0.006645231509254005
2013-04-19,0.00601764467670432
2013-04-22,0.005839236185904938
2013-04-23,-0.017643188445580757
2013-04-24,-0.0167895088507346
2013-04-25,0.02258207203540519
2013-04-26,0.0011157804722173213
2013-04-29,0.01994278068397276
2013-04-30,
2013-05-02,-0.0071848250191356555
2013-05-03,-0.02169102955416531
2013-05-06,-0.0012867178810291
2013-05-07,0.002013327752106951
2013-05-08,-0.013210922043913354
2013-05-09,0.010793531380967385
2013-05-10,-0.004637683259158044
2013-05-13,0.01183075659835323
2013-05-14,0.005608736979632314
2013-05-15,-0.002813559994566319
2013-05-16,-0.0041607438012602836
2013-05-17,-0.011018325952927606
2013-05-20,-0.009180666910591332
2013-05-21,-0.01209306742396023
2013-05-22,0.005706925120955825
2013-05-23,-0.00023431067757002108
2013-05-24,0.010185568635282765
2013-05-27,-0.0032689442424968518
2013-05-28,0.015454143786252495
2013-05-29,-0.022009274064675254
2013-05-31,0.015141609149567865
2013-06-03,0.02013572102550636
2013-06-04,-0.017928949398069608
2013-06-05,-0.007281063080386093
2013-06-06,0.0004008129998536638
2013-06-07,0.001169806943939406
2013-06-10,0.004153784825532867
2013-06-11,0.009987423656379347
2013-06-12,-0.00942094699173526
2013-06-13,0.004212404335239617
2013-06-14,-0.009315073881118413
2013-06-17,-0.0038962967493287315
2013-06-18,-0.011627558810679358
2013-06-19,-0.006633870726203604
2013-06-20,0.006224952164938853
2013-06-21,-0.012701940456522919
2013-06-24,0.016015876319500313
2013-06-25,0.0036909067179901594
2013-06-26,-0.014386976891770792
2013-06-27,-0.002475895417564854
2013-06-28,-0.025821078955190015
2013-07-01,-0.005990775048454721
2013-07-02,-0.016102723271538187
2013-07-03,-0.004957204637015468
2013-07-04,-0.01567896787071428
2013-07-05,0.00893684235946271
2013-07-08,4.9236807916682584e-05
2013-07-09,0.014078508132628193
2013-07-10,0.0
2013-07-11,-0.014010292166877476
2013-07-12,-0.025786893570082178
2013-07-15,-0.004218097561974236
2013-07-16,-0.005843593632245557
2013-07-17,0.004316665415957616
2013-07-18,-0.0012637916872463295
2013-07-19,-0.00033620151697772707
2013-07-22,-0.007501976033483868
2013-07-23,-0.004618810530213999
2013-07-24,-0.0014991216893898381
2013-07-25,0.01643614425093716
2013-07-26,-0.009296460241459786
2013-07-29,-0.002757219659265009
2013-07-30,-0.007239075868061868
2013-07-31,0.004753408938644024
2013-08-01,0.0025310133632810957
2013-08-02,-0.012760293388062447
2013-08-05,0.019538019362894662
2013-08-06,-0.00530793238715883
2013-08-07,0.014759758851876338
2013-08-08,-0.009775610603092956
2013-08-09,-0.02205282790103347
2013-08-12,0.001890254943286436
2013-08-13,0.00166522426265313
2013-08-14,0.001231505725280219
2013-08-15,-0.010424739825300388
2013-08-16,0.0022023552833106766
2013-08-19,-0.0024978387848489285
2013-08-20,0.0037805981720201863
2013-08-21,0.001914271834104633
2013-08-22,0.005024292753837603
2013-08-23,-0.004489173856561217
2013-08-26,0.004323960920007867
2013-08-27,0.012897083261927993
2013-08-28,0.01077922089817395
2013-08-29,0.004593671342626669
2013-08-30,-0.007487531911900599
2013-09-02,-0.0003125868012667076
2013-09-03,-0.008238671348205944
2013-09-04,0.009550710883965132
2013-09-05,-0.010287942503775014
2013-09-06,-0.009683748315706193
2013-09-09,-0.008513274636762495
2013-09-10,-0.01587168493862337
2013-09-11,0.008105256337534816
2013-09-12,0.012081055496686477
2013-09-13,0.002504563966269385
2013-09-16,-0.017299376502467493
2013-09-17,0.0017490573684645254
2013-09-18,-0.007139118385308674
2013-09-19,-0.017736479705991518
2013-09-20,-0.0009177522816570301
2013-09-23,0.02989632149406421
2013-09-24,-0.013696866407078661
2013-09-25,-0.0015751185211858249
2013-09-26,0.00557473938008818
2013-09-27,-0.0008701203145421354
2013-09-30,0.001365936010212493
2013-10-01,0.017504896339568015
2013-10-02,-0.008697741409207371
2013-10-03,-0.004304189558195538
2013-10-04,-0.00905935090345427
2013-10-07,-0.002185276271287604
2013-10-08,-0.006556962739402791
2013-10-09,-0.0007782224313958386
2013-10-10,0.005272562053795299
2013-10-11,-0.0054731862573168515
2013-10-14,-0.00788546367706299
2013-10-15,-0.011334649911001487
2013-10-16,-0.0023502705971367903
2013-10-17,-0.0039252474169953165
2013-10-18,-0.008478263097330746
2013-10-21,-0.003573377743795776
2013-10-22,0.01401159083109517
2013-10-23,-0.008821945875575991
2013-10-24,0.009498158671082049
2013-10-25,0.0032053442008113057
2013-10-28,-0.0028531749342800604
2013-10-29,
2013-10-30,
2013-10-31,-0.007846568138807339
2013-11-01,0.0014920370209589866
2013-11-04,-0.002126918293624698
2013-11-05,-0.015497561616991545
2013-11-06,0.00020599174839949948
2013-11-07,-0.0016816239513619113
2013-11-08,0.0005359610713622414
2013-11-11,0.00991160661705337
2013-11-12,-0.0013073441537532497
2013-11-13,0.017636763221351857
2013-11-14,-0.009998348366985342
2013-11-18,-0.018726513660147256
2013-11-19,-0.007902447142094086
2013-11-20,0.014732692123149375
2013-11-21,0.0
2013-11-22,0.001003283580570058
2013-11-25,0.004449208282025612
2013-11-26,0.0033027187950678246
2013-11-27,-0.003661371906615221
2013-11-28,-0.00523173433777729
2013-11-29,-0.002807829321635931
2013-12-02,0.01247036542240253
2013-12-03,-0.001948102363030127
2013-12-04,0.0015094763361607234
2013-12-05,0.005643109971882123
2013-12-06,-0.007759392766513541
2013-12-09,0.005566663054283416
2013-12-10,
2013-12-11,0.005356455559579386
2013-12-12,-0.007505019575949795
2013-12-13,-0.00256886835702861
2013-12-16,-0.0006602387043759964
2013-12-17,-0.010330310405752368
2013-12-18,-0.0028066510708461374
2013-12-19,0.014021882335831064
2013-12-20,-0.005590425457529099
2013-12-23,-0.00293366529704849
2013-12-24,0.0018629661465095824
2013-12-26,0.0
2013-12-27,0.0007200540936956208
2013-12-30,0.004384132939083534
2013-12-31,0.014425254942208112
2014-01-02,0.0
2014-01-03,0.016836208907497603
2014-01-06,-0.004228587497956767
2014-01-07,-0.0017769099215818227
2014-01-08,0.004590637049660821
2014-01-09,-0.006138733047461931
2014-01-10,0.014276978517407777
2014-01-13,-0.0017623841683694682
2014-01-14,-0.010675206601755798
2014-01-15,-0.01738229488614952
2014-01-16,-0.0012803698995460192
2014-01-17,0.009311070963549366
2014-01-20,0.01622421336552568
2014-01-21,-0.003912987698634195
2014-01-22,-0.022224735517201073
2014-01-23,-0.01016912428861881
2014-01-24,0.009149163851867205
2014-01-27,-0.0030703008849622283
2014-01-28,-0.010298132386308397
2014-01-29,0.002796433997812241
2014-01-30,-0.0009557122083482493
2014-01-31,0.0101261092511051
2014-02-03,-0.0046377954637552374
2014-02-04,0.015036974126684605
2014-02-05,-0.024176879035971648
2014-02-06,0.008971395476144254
2014-02-07,-0.021169792084210794
2014-02-10,-0.007673148554339164
2014-02-11,0.005593336170490883
2014-02-12,-0.022942366438195236
2014-02-13,0.0033462423335450216
2014-02-14,0.0015601280615307285
2014-02-17,-0.006536994235540803
2014-02-18,2.3155218746099757e-05
2014-02-19,0.016040628298470038
2014-02-20,-0.00895401643238312
2014-02-21,-0.010507299218949035
2014-02-24,-0.0016913671545574077
2014-02-25,-0.00651758322657974
2014-02-26,0.012037672583276132
2014-02-27,-0.002527678223963806
2014-02-28,-0.024726647467814892
2014-03-05,0.01891081929506655
2014-03-06,0.00589199943373756
2014-03-07,-0.017609972656288365
2014-03-10,0.015394876415416267
2014-03-11,-0.002788878851464782
2014-03-12,-0.02072298044106244
2014-03-13,-0.014720184367085892
2014-03-14,0.005340876328985351
2014-03-17,0.022374300900394897
2014-03-18,-0.013212187569836713
2014-03-19,-0.028707348631288883
2014-03-20,-0.023669343224327448
2014-03-21,0.005613361120894663
2014-03-24,-0.006734677277236846
2014-03-25,0.006590488187630476
2014-03-26,0.006092731829683991
2014-03-27,-0.002021820755898858
2014-03-28,-0.025377362179203063
2014-03-31,0.00015386932448690355
2014-04-01,-0.011486483526192278
2014-04-02,0.00585029294827033
2014-04-03,-0.022036603017472615
2014-04-04,0.009983027132820314
2014-04-07,0.0069650601408039435
2014-04-08,-0.0041939904671737
2014-04-09,0.006154786750769188
2014-04-10,0.019711090934790725
2014-04-11,-0.022122813672151475
2014-04-14,-0.014998852722143356
2014-04-15,-0.003342199758928803
2014-04-16,0.008510435418712188
2014-04-17,-0.01448093426137287
2014-04-22,-0.0008881223415380529
2014-04-23,-0.013764958793784572
2014-04-24,-0.011366709186769488
2014-04-25,-0.002256199251509869
2014-04-28,0.012706265437541803
2014-04-29,-0.0035170098275771576
2014-04-30,-0.006543717871055903
2014-05-02,-0.0029464539096745873
2014-05-05,-0.009448614484217466
2014-05-06,-0.013553990357474656
2014-05-07,0.00011705438203283354
2014-05-08,-0.004257683969243693
2014-05-09,0.01896998501295816
2014-05-12,0.00528264305657876
2014-05-13,-0.01779867623024854
2014-05-14,-0.003456573065968152
2014-05-15,-0.0010912687895853817
2014-05-16,0.018622038294160134
2014-05-19,-0.012681924972796027
2014-05-20,0.008654540091451121
2014-05-21,0.002639010529010298
2014-05-22,-0.0038043133158413983
2014-05-23,-0.010746025198547527
2014-05-26,-0.004444284356457107
2014-05-27,-0.00857097161619132
2014-05-28,0.006885875364937242
2014-05-29,-0.006330384834913365
2014-05-30,-0.00513039834314453
2014-06-02,0.01144318639859075
2014-06-03,-0.002476939686958622
2014-06-04,-0.004186169180985644
2014-06-05,-0.0006079587394808687
2014-06-06,0.016983561330967775
2014-06-09,-0.015261627785682873
2014-06-10,-0.022049285001642462
2014-06-11,-0.023476009812523478
2014-06-12,0.01371064986113664
2014-06-13,0.0
2014-06-16,-0.007467492698522563
2014-06-17,-0.008588712289628337
2014-06-18,0.0076376555220495764
2014-06-20,-0.0041423918621608154
2014-06-23,0.0031747219505173056
2014-06-24,-0.005050114723389498
2014-06-25,0.003610087907009926
2014-06-26,0.01179607564592611
2014-06-27,0.008550026610899202
2014-06-30,0.016472014019134475
2014-07-01,0.003463551306054854
2014-07-02,-0.0020628151909888597
2014-07-03,0.006129018206152795
2014-07-04,-0.024972619083745845
2014-07-07,-0.00812846693945338
2014-07-08,0.012608463996289747
2014-07-09,-0.0019372127801594533
2014-07-10,0.0
2014-07-11,-0.00446091402112658
2014-07-14,-0.007921462777306178
2014-07-15,-0.00993780257439039
2014-07-16,-0.013418021954399902
2014-07-17,0.012791284288459928
2014-07-18,0.004609775511016847
2014-07-21,-0.011917772783246298
2014-07-22,0.004150238784357963
2014-07-23,-0.003066789058205739
2014-07-24,0.010666217597304933
2014-07-25,-0.004151535244427292
2014-07-28,-0.0060326181041813086
2014-07-29,0.008105966787384506
2014-07-30,0.006536887620871068
2014-07-31,-0.004697899078978984
2014-08-01,0.008342798739780133
2014-08-04,-0.014275480459440378
2014-08-05,-0.006992762100542907
2014-08-06,-0.00970713898870737
2014-08-07,0.00892475359909184
2014-08-08,0.0027241690991457123
2014-08-11,0.007247969529421526
2014-08-12,-0.012263965459299475
2014-08-13,-0.0062972413725536185
2014-08-14,0.019636684419014137
2014-08-15,-0.01501081172851078
2014-08-18,-0.02756908034972629
2014-08-19,-0.005057430497631845
2014-08-20,-0.017354099148374623
2014-08-21,-0.004228858614085352
2014-08-22,-0.007468255981503857
2014-08-25,0.010349494670194196
2014-08-26,-0.02484083096284109
2014-08-27,-0.0012903563760922557
2014-08-28,-0.01751860074801185
2014-08-29,0.018518667377773756
2014-09-01,-0.019980798078774793
2014-09-02,-0.013138227631524068
2014-09-03,-0.005875866307114596
2014-09-04,-0.011590225449073524
2014-09-05,0.0152428122063607
2014-09-08,0.007165573461127721
2014-09-09,0.01564497496048458
2014-09-10,0.005266809980011559
2014-09-11,0.00502062743607087
2014-09-12,0.003687656963467254
2014-09-15,0.024755604439971476
2014-09-16,-0.013316444956529718
2014-09-17,-0.008039519407607183
2014-09-18,0.0075114822405356226
2014-09-19,0.004094241231157151
2014-09-22,0.0007413692136888072
2014-09-23,0.012447154795019743
2014-09-24,-0.008315212331695054
2014-09-25,-0.0028758723106159234
2014-09-26,-0.00453715995856787
2014-09-29,-0.009771119046811876
2014-09-30,0.011982486751594093
2014-10-01,0.0045511337788337715
2014-10-02,-0.01768242511458377
2014-10-03,-0.0218986661844675
2014-10-06,0.001107216915145006
2014-10-07,-0.10744841620736488
2014-10-08,-0.00825568516205424
2014-10-09,-0.005660058024195666
2014-10-10,-0.003379659152010969
2014-10-13,0.03754783513374438
2014-10-14,-0.0403238184244282
2014-10-15,-0.0036119707694971894
2014-10-16,0.031625890632485165
2014-10-17,0.026732802724935837
2014-10-20,-0.01934215658692057
2014-10-21,0.018527839262995945
2014-10-22,
2014-10-23,-0.000987069506703804
2014-10-24,0.022355104249822053
2014-10-27,-0.024639588631931733
2014-10-28,0.010743352260857722
2014-10-29,-0.036841761948220385
2014-10-30,0.027957291534718473
2014-10-31,-0.025915881874799006
2014-11-03,-0.02661435421318499
2014-11-04,0.012406291817804121
2014-11-05,0.0011116601264771634
2014-11-06,-0.015496825784099293
2014-11-07,0.012969213039692711
2014-11-10,0.026279857865831795
2014-11-11,-0.008359634003636658
2014-11-12,0.000589102167102767
2014-11-13,-0.021780272660853323
2014-11-14,0.012054900488789967
2014-11-17,0.003747766207364708
2014-11-18,0.016741782273575527
2014-11-19,-0.02401821037140966
2014-11-20,-0.02534686538773615
2014-11-21,0.0
2014-11-24,-0.030814785917017945
2014-11-25,0.0017430651629351235
2014-11-26,-0.0009557865155978584
2014-11-27,-0.003840267826645315
2014-11-28,-0.0074632765131684075
2014-12-01,0.003108195774382736
2014-12-02,0.030522301814308504
2014-12-03,0.00042032726418067545
2014-12-04,-0.00675412296320387
2014-12-05,-0.0034479099314646978
2014-12-08,0.0004062282709988963
2014-12-09,0.003086005250708356
2014-12-10,0.007421976146465211
2014-12-11,-0.0012865526768984573
2014-12-12,-0.02081476307000139
2014-12-15,0.013507743743166361
2014-12-16,-0.012829061201520482
2014-12-17,0.003426770657651087
2014-12-18,-0.015571773050969292
2014-12-19,-0.001165674028674027
2014-12-22,-0.02249313477084219
2014-12-23,-0.004928910337932275
2014-12-24,0.0032495917367316614
2014-12-26,0.0
2014-12-29,-0.004678570980795375
2014-12-30,-0.000990683774718639
2014-12-31,0.011564238305401256
2015-01-02,0.0
2015-01-05,0.008048951738002037
2015-01-06,-0.010804115659458751
2015-01-07,-0.007070006028832353
2015-01-08,-0.005945445476275655
2015-01-09,-0.015165752908912082
2015-01-12,0.024414603113224246
2015-01-13,0.0011287184364454188
2015-01-14,0.005619671282129548
2015-01-15,-0.0022971347513953237
2015-01-16,-0.01490029506240536
2015-01-19,-0.006469213961394906
2015-01-20,0.022298518664148705
2015-01-21,-0.01822258766769473
2015-01-22,-0.02185754804258621
2015-01-23,-0.02035872236635359
2015-01-26,0.02188277222873897
2015-01-27,-0.004171273905019042
2015-01-28,-0.008215838292076862
2015-01-29,0.011411145943016121
2015-01-30,-0.008486248172024844
2015-02-02,0.02997465034427227
2015-02-03,-0.02923788824329347
2015-02-04,0.027146221227569815
2015-02-05,0.0032795463498298564
2015-02-06,0.00587101596203078
2015-02-09,0.023455296015129252
2015-02-10,-0.020700274794072986
2015-02-11,0.005400392994271615
2015-02-12,0.03543715981314838
2015-02-13,-0.010267504801313844
2015-02-18,-0.016387915418237566
2015-02-19,-0.010209652589301519
2015-02-20,-0.021731458493276398
2015-02-23,0.005589835699080979
2015-02-24,-0.002194259494468609
2015-02-25,-0.0219538286012265
2015-02-26,0.00892712013384488
2015-02-27,-0.0019932686081577484
2015-03-02,-0.0003918330256181511
2015-03-03,0.021104396887554437
2015-03-04,0.015397281760759378
2015-03-05,-0.00238575593571224
2015-03-06,-0.006685466610273857
2015-03-09,0.012184377588034005
2015-03-10,-0.007536264133490685
2015-03-11,-0.0007750609394418034
2015-03-12,-0.0066587730883064765
2015-03-13,-0.008955527939218505
2015-03-16,0.00929614456674355
2015-03-17,0.004344531990621955
2015-03-18,-0.0262505000709181
2015-03-19,-0.008201350657914337
2015-03-20,0.014792755164083283
2015-03-23,-0.027424906555469083
2015-03-24,0.0078091396409576234
2015-03-25,0.0005729809861950257
2015-03-26,0.0011612515719153166
2015-03-27,0.011202979073835363
2015-03-30,0.01840435792506136
2015-03-31,-0.020282309299082337
2015-04-01,-0.011988041844934424
2015-04-02,-0.02119849676437814
2015-04-06,
2015-04-07,-0.028826538177215363
2015-04-08,0.012802915049354859
2015-04-09,-0.010715172912905507
2015-04-10,0.024706989789763753
2015-04-13,-0.028825791897133163
2015-04-14,0.0025698527761700836
2015-04-15,0.005945133173997681
2015-04-16,-0.023162261196117057
2015-04-17,0.01561459550837214
2015-04-20,0.028149906396268416
2015-04-22,0.01904397844436721
2015-04-23,-0.0164158259083309
2015-04-24,-0.023224727769319928
2015-04-27,0.02292095071157119
2015-04-28,0.0040835861508812495
2015-04-29,-0.04567076469916589
2015-04-30,0.006722319289887437
2015-05-04,-0.013950830651079871
2015-05-05,-0.016564284400792897
2015-05-06,-0.00814152207067026
2015-05-07,0.01575200899540197
2015-05-08,0.009935683036868877
2015-05-11,0.005345356193029973
2015-05-12,0.01717547488826633
2015-05-13,-0.0008281437909423532
2015-05-14,0.019094376134338276
2015-05-15,-0.001228531410682643
2015-05-18,-0.025165212298563295
2015-05-19,0.00323073198845434
2015-05-20,0.00870266765899647
2015-05-21,0.007276818745164254
2015-05-22,0.0033353767903571718
2015-05-25,0.007004488964556544
2015-05-26,-3.0601064875789095e-05
2015-05-27,0.02771997039599723
2015-05-28,-0.013485591141164701
2015-05-29,0.010072382755084312
2015-06-01,0.02549964107633414
2015-06-02,-0.021419490502103296
2015-06-03,-0.029663174738064006
2015-06-05,0.025963707241019117
2015-06-08,
2015-06-09,2.5682970034260344e-05
2015-06-10,-0.015516546537797738
2015-06-11,-0.011349112336889363
2015-06-12,-0.0027072864513380274
2015-06-15,0.006285914539641179
2015-06-16,0.012653637647955834
2015-06-17,0.0054776100774662165
2015-06-18,0.020285042155630945
2015-06-19,-0.024229956274076196
2015-06-22,0.0028023052445718165
2015-06-23,-0.01979194171966879
2015-06-24,-0.006992824752449496
2015-06-25,-0.0002551672166758584
2015-06-26,0.01712252547588585
2015-06-29,-0.0176662950637355
2015-06-30,0.004591582412535426
2015-07-01,-0.005251034079656918
2015-07-02,-0.015092413700430912
2015-07-03,-0.0017948276091482394
2015-07-06,0.012785166872624681
2015-07-07,0.0007271634016859929
2015-07-08,-0.005947578055781211
2015-07-09,-0.0062552836658749805
2015-07-10,0.0
2015-07-13,0.007726202642839915
2015-07-14,-0.018551571565230948
2015-07-15,-0.005783885256800051
2015-07-16,-0.008405369902892824
2015-07-17,-0.001402834526631545
2015-07-20,0.003962843079408026
2015-07-21,0.017150862782994367
2015-07-22,-0.005992978293729045
2015-07-23,-0.0027857549878571603
2015-07-24,0.015894347696155862
2015-07-27,0.004934386590216075
2015-07-28,-0.005441983737775182
2015-07-29,-0.011082607078580664
2015-07-30,-0.00045183726206440497
2015-07-31,0.01144202358008596
2015-08-03,-0.04215297958234935
2015-08-04,0.03068498937185266
2015-08-05,-0.02225362009675749
2015-08-06,0.01018108415912248
2015-08-07,0.01587142627189339
2015-08-10,0.014694690909702266
2015-08-11,-0.029844284000149636
2015-08-12,-0.013454183755091515
2015-08-13,0.01668636404830604
2015-08-14,0.0009222900606709657
2015-08-17,0.012142308390381516
2015-08-18,-0.01959526224030817
2015-08-19,-0.014665206387314384
2015-08-20,9.344187423836886e-05
2015-08-21,-0.006808928836036019
2015-08-24,0.011425033598743924
2015-08-25,-0.018570289632124926
2015-08-26,-0.002509582037397341
2015-08-27,-0.023287330025604406
2015-08-28,-0.01467322583948347
2015-08-31,0.01329729661236958
2015-09-01,0.030560432013776926
2015-09-02,-0.005789693543442494
2015-09-03,-0.012804488349986496
2015-09-04,0.0027113508239293184
2015-09-08,-0.006838929480106961
2015-09-09,0.0007044836521607526
2015-09-10,-0.00019435693132965426
2015-09-11,-0.022874048784975752
2015-09-14,-0.01969873199994311
2015-09-15,0.013617299542667815
2015-09-16,0.0025827778211335766
2015-09-17,-0.02223976151987341
2015-09-18,-0.0008969646786748092
2015-09-21,0.023780108217909754
2015-09-22,0.022190291917681303
2015-09-23,-0.011012286706894962
2015-09-24,0.02153357890313807
2015-09-25,0.005097301731004054
2015-09-28,0.004426881375042005
2015-09-29,0.019400716200971193
2015-09-30,-0.016262200446979794
2015-10-01,0.003456065457605812
2015-10-02,-0.005646091857017694
2015-10-05,-0.013584006065838154
2015-10-06,-0.015507672343858421
2015-10-07,0.01200665610254725
2015-10-08,-0.00934159074201642
2015-10-09,-0.024466985495810892
2015-10-13,0.0018378201634904646
2015-10-14,0.005989319503389923
2015-10-15,0.020700866476746415
2015-10-16,-0.01483795639660659
2015-10-19,-0.010848449810797469
2015-10-20,-0.0033257007714012805
2015-10-21,0.010122333891745943
2015-10-22,0.007384638600140145
2015-10-23,0.0020852319818043513
2015-10-26,0.00012051709093744475
2015-10-27,-0.0029119070375263935
2015-10-28,-0.008847356833153974
2015-10-29,-0.017158740244453585
2015-10-30,0.040344140414084954
2015-11-03,0.019971566522270893
2015-11-04,-0.05324727995581554
2015-11-05,0.0011054697744857902
2015-11-06,-0.01822881184487228
2015-11-09,0.019635069035036964
2015-11-10,0.03150288142070771
2015-11-11,0.0008815716053051578
2015-11-12,-0.006503528815194701
2015-11-13,-0.015887650790815173
2015-11-16,-0.0010751819148428696
2015-11-17,-0.0024312320844453953
2015-11-18,-0.007885591181527714
2015-11-19,-0.020070967067335167
2015-11-20,0.015074116780032353
2015-11-23,0.0
2015-11-24,0.004691049392261924
2015-11-25,-0.012117755680694032
2015-11-26,0.05023722983820545
2015-11-27,0.0007951689830420567
2015-11-30,0.014627233623467644
2015-12-01,0.03423874853006872
2015-12-02,-0.003589960990667147
2015-12-03,0.0032193548763787116
2015-12-04,-0.0053585164866035775
2015-12-07,0.02282216870374537
2015-12-08,-0.0069053037010385725
2015-12-09,0.010889894279409005
2015-12-10,-0.03564044871900788
2015-12-11,0.011067300776568634
2015-12-14,0.01245664681861507
2015-12-15,0.02847366993029385
2015-12-16,-0.012845665955699668
2015-12-17,-0.010212098375778116
2015-12-18,0.0009598905124067348
2015-12-21,0.019537204832534457
2015-12-22,0.0014690619067008123
2015-12-23,0.0017332747746098367
2015-12-24,-0.007738990670372573
2015-12-28,0.0
2015-12-29,0.018984963276296295
2015-12-30,-0.008292667420686524
2015-12-31,0.037005881151721466
2016-01-04,0.0
2016-01-05,0.0047828972294213755
2016-01-06,-0.009925039841982394
2016-01-07,0.002757763987622345
2016-01-08,0.038626798777944546
2016-01-11,0.01112420249907702
2016-01-12,-0.0223920985670755
2016-01-13,0.005007620361283438
2016-01-14,0.01044416691764876
2016-01-15,-0.0041972774918019335
2016-01-18,0.008556755863411362
2016-01-19,0.016741896565755327
2016-01-20,-0.00967111695705731
2016-01-21,0.017315476371943837
2016-01-22,0.019476185354623504
2016-01-25,-0.024613048714593695
2016-01-26,0.0
2016-01-27,0.008904460601347329
2016-01-28,-0.0056203668860963715
2016-01-29,-0.018244589880527615
2016-02-01,-0.039452007518317525
2016-02-02,-0.02554912617402158
2016-02-03,0.014628097648841622
2016-02-04,0.002327853156015868
2016-02-05,-0.022773052428072003
2016-02-10,-0.018815073290824547
2016-02-11,0.02176239739028422
2016-02-12,0.031151307207779685
2016-02-15,-0.02105601196394806
2016-02-16,0.018758536485030758
2016-02-17,-0.020426709586344467
2016-02-18,-0.009989142085360659
2016-02-19,-0.008151228938414926
2016-02-22,-0.01029066999658697
2016-02-23,-0.017515810125181983
2016-02-24,0.012501834463591283
2016-02-25,0.015546847941947411
2016-02-26,0.00978037957375218
2016-02-29,0.002635093205216164
2016-03-01,-0.02948446105874389
2016-03-02,-0.031984856580833734
2016-03-03,-0.010098801424805279
2016-03-04,-0.04289819686491811
2016-03-07,-0.02641308640298292
2016-03-08,-0.019875708106829405
2016-03-09,-0.0247201723563094
2016-03-10,-0.013766685383483877
2016-03-11,-0.01165367896718888
2016-03-14,0.02347850379491212
2016-03-15,-0.012208558464834306
2016-03-16,0.03141624113307846
2016-03-17,-0.032862076188838116
2016-03-18,-0.04532307310146523
2016-03-21,0.018296621260654254
2016-03-22,0.008836951566186257
2016-03-23,0.022369966955413517
2016-03-24,0.05535541290241016
2016-03-28,-0.0038345217275263252
2016-03-29,0.007307393233760357
2016-03-30,0.002239250039317758
2016-03-31,-0.01338236280749059
2016-04-01,-0.009776538638008602
2016-04-04,0.015001204967028604
2016-04-05,0.018852325581586386
2016-04-06,-0.013941864780237914
2016-04-07,0.01581161874516344
2016-04-08,-0.004513964123312269
2016-04-11,-0.03612650646915002
2016-04-12,0.0025012331199154633
2016-04-13,-0.02159796707688414
2016-04-14,-0.019662467790648598
2016-04-15,0.02391609924302976
2016-04-18,-0.009888287331728085
2016-04-19,0.01615498615035124
2016-04-20,-0.008666104600005034
2016-04-22,-0.0002643670240421647
2016-04-25,0.00479568314063062
2016-04-26,0.007049553385075275
2016-04-27,-0.014557390320246845
2016-04-28,-0.02235965832884077
2016-04-29,0.00261205309005424
2016-05-02,0.021963741447154267
2016-05-03,-0.011019265600321711
2016-05-04,0.0001878009468736369
2016-05-05,-0.010747101572626313
2016-05-06,0.001206476924195305
2016-05-09,0.0025292406957439463
2016-05-10,0.0007922656622484855
2016-05-11,-0.007904119995909491
2016-05-12,0.03427229120354476
2016-05-13,-0.0039499469330412425
2016-05-16,0.011063285303120009
2016-05-17,0.015734357849765
2016-05-18,0.005123278242501158
2016-05-19,-0.0031379803973345666
2016-05-20,0.01102030835019233
2016-05-23,-0.006591781851925487
2016-05-24,0.006545300575514635
2016-05-25,0.012157289307888872
2016-05-27,0.002930173507818111
2016-05-30,0.019130339992751412
2016-05-31,0.0057468554508780445
2016-06-01,-0.00581208884630714
2016-06-02,-0.03703373509574485
2016-06-03,-0.02753055755462192
2016-06-06,-0.015303053686793466
2016-06-07,-0.014366285293226169
2016-06-08,0.017877300048297955
2016-06-09,-0.027246302674586286
2016-06-10,-0.0010174215348966887
2016-06-13,0.02989256347410739
2016-06-14,0.012092666576053214
2016-06-15,0.00997693624338893
2016-06-16,-0.021500830310523165
2016-06-17,-0.006211582978882625
2016-06-20,-0.008426030287501954
2016-06-21,-0.020755433461305844
2016-06-22,0.002642561354701811
2016-06-23,-0.006573311355359442
2016-06-24,-0.03456874509082849
2016-06-27,0.024143613993323144
2016-06-28,0.014699197769085659
2016-06-29,-0.028511692900409016
2016-06-30,0.0002638639804730409
2016-07-01,0.010795152331789855
2016-07-04,-0.004471436671264638
2016-07-05,-0.002492704860845756
2016-07-06,0.004961645983148447
2016-07-07,-0.01378631241573896
2016-07-08,-0.006554381279239149
2016-07-11,-0.020210095975170587
2016-07-12,-0.0044489831146132235
2016-07-13,-0.006727361055700312
2016-07-14,-0.013972568281508677
2016-07-15,-0.0014184461863810394
2016-07-18,-0.004367844312455191
2016-07-19,-0.007207177863240455
2016-07-20,0.004371917590568373
2016-07-21,0.005053375903156298
2016-07-22,-0.0046672358594220045
2016-07-25,0.005664741104399244
2016-07-26,0.02993146150041583
2016-07-27,-0.0005534855348802714
2016-07-28,0.026100296046742976
2016-07-29,-0.010224713848523928
2016-08-01,-0.009668515865457845
2016-08-02,0.003450304136185459
2016-08-03,0.00040442491683425133
2016-08-04,-0.017957994770833683
2016-08-05,-0.01714416483819089
2016-08-08,-0.008798672881518317
2016-08-09,0.017182948115905892
2016-08-10,0.002956092815574074
2016-08-11,-0.01562620216136375
2016-08-12,-0.02827198896376318
2016-08-15,0.00817822284012822
2016-08-16,-0.016529689337615668
2016-08-17,0.00619835651364189
2016-08-18,-0.0016148543444825109
2016-08-19,-0.008150934736919174
2016-08-22,0.0016654269808071918
2016-08-23,0.05951018448631884
2016-08-24,0.0020488929037121616
2016-08-25,0.003261852088256417
2016-08-26,0.005366411340836148
2016-08-29,-0.0003288256836504362
2016-08-30,-0.002362202898103044
2016-08-31,-0.01104436025318362
2016-09-01,-0.0024670316723181098
2016-09-02,-0.007618758028606763
2016-09-05,-0.022742671224241135
2016-09-06,-0.009498288081948341
2016-09-08,-0.008886539173195653
2016-09-09,-0.013691191898081254
2016-09-12,0.027566955967290828
2016-09-13,0.007953618354887578
2016-09-14,0.007192821107593873
2016-09-15,-0.011808856715721088
2016-09-16,-0.006466609143133892
2016-09-19,-0.0019913511799677236
2016-09-20,-0.0006059208922095413
2016-09-21,-0.011371516917473396
2016-09-22,-0.01943972020970469
2016-09-23,0.0056249841511124415
2016-09-26,0.004672188837700631
2016-09-27,0.010107106495536415
2016-09-28,0.030164285665948438
2016-09-29,-0.013594441138292623
2016-09-30,0.016744587128605562
2016-10-03,-0.003291623179258827
2016-10-04,-0.038334866471191546
2016-10-05,0.006220396732190181
2016-10-06,-0.02195877261988336
2016-10-07,0.0006022207675238566
2016-10-10,-0.00940393191047254
2016-10-11,-0.012177005946362843
2016-10-13,0.006803787008906416
2016-10-14,0.024676888173758488
2016-10-17,-0.005294126333517517
2016-10-18,-0.02025450987234388
2016-10-19,-0.01800089851072835
2016-10-20,0.0024014980541520567
2016-10-21,-0.010543129361946593
2016-10-24,-0.003032154606645965
2016-10-25,-0.009597305358097049
2016-10-26,-0.002962734772326746
2016-10-27,0.01620276338801064
2016-10-28,0.006758342935367888
2016-10-31,
2016-11-01,-0.010661214646262341
2016-11-03,0.012468686051985877
2016-11-04,0.02100079085879774
2016-11-07,0.009729238522239385
2016-11-08,-0.02307949424326499
2016-11-09,-0.0032821495304446936
2016-11-10,0.008693987246218077
2016-11-11,0.01978226701545714
2016-11-14,0.01827288620080701
2016-11-16,0.008250338628638307
2016-11-17,-0.016145953286776423
2016-11-18,0.01123452310216456
2016-11-21,-0.005979856346208041
2016-11-22,-0.017264073295453302
2016-11-23,-0.0149858260430877
2016-11-24,-0.0007632779151626298
2016-11-25,0.0048010634053399885
2016-11-28,-0.008261135005864124
2016-11-29,-0.020412393362369136
2016-11-30,0.023273394846031553
2016-12-01,-0.008919497355390642
2016-12-02,0.03944681940325028
2016-12-05,-0.0020239470443938166
2016-12-06,-0.0021746730497599273
2016-12-07,-0.02402086499877794
2016-12-08,-0.015970990827563633
2016-12-09,0.014862813090597575
2016-12-12,0.00888608941235075
2016-12-13,0.008366613805137932
2016-12-14,0.0012451411241529778
2016-12-15,0.017439163327228852
2016-12-16,-0.010584573157993556
2016-12-19,0.008464983638157439
2016-12-20,0.007659891748952101
2016-12-21,-0.010211758846299537
2016-12-22,0.0004551051079091902
2016-12-23,-0.0012582238419377792
2016-12-26,-0.01443558553321402
2016-12-27,-0.009971120564639939
2016-12-28,-0.015308878302804505
2016-12-29,-0.01078307262750854
2016-12-30,0.010771682803887045
2017-01-02,0.0
2017-01-03,0.00930324376431478
2017-01-04,-0.021945716515849603
2017-01-05,0.0019620001450531086
2017-01-06,-0.012394935781394023
2017-01-09,0.007700081936698013
2017-01-10,0.006587587254955583
2017-01-11,-0.006463463046608267
2017-01-12,-0.011254648219731121
2017-01-13,-0.01705773734207077
2017-01-16,-0.00157908723894887
2017-01-17,-0.015735045476359438
2017-01-18,-0.019959194221832895
2017-01-19,0.011313127176498464
2017-01-20,0.012229612154929221
2017-01-23,-0.0029804333267021577
2017-01-24,-0.02608830177178122
2017-01-25,-0.007647566624312367
2017-01-26,0.0
2017-01-27,-0.008992433403530158
2017-01-30,0.02310883139041403
2017-01-31,0.0023243323247292558
2017-02-01,-0.008991557565279511
2017-02-02,0.025922312757143115
2017-02-03,-0.01749042611604077
2017-02-06,0.001883338698008722
2017-02-07,-0.0003153764431306841
2017-02-08,-0.011363343898616709
2017-02-09,-0.01054944055440719
2017-02-10,-0.00428218283393331
2017-02-13,-0.01567108435810079
2017-02-14,-0.014562475112978571
2017-02-15,
2017-02-16,-0.010884653487699306
2017-02-17,-0.007427000571351303
2017-02-20,0.0008333309547067912
2017-02-21,-0.014177892845546023
2017-02-22,0.0004253204435352084
2017-02-23,0.023061214422085648
2017-02-24,0.01053344165153719
2017-03-01,-0.0073571205072443194
2017-03-02,0.0064322155549161875
2017-03-03,0.005673708390928689
2017-03-06,-0.012510713193577466
2017-03-07,-0.008680525562026385
2017-03-08,0.006310911261159798
2017-03-09,0.0193757511263847
2017-03-10,0.005115552898778641
2017-03-13,-0.0070415379553241415
2017-03-14,-0.0024774384252174413
2017-03-15,0.011937673268103126
2017-03-16,-0.007730411081722099
2017-03-17,-0.005577925416982552
2017-03-20,0.027268062052739375
2017-03-21,0.004303416633101425
2017-03-22,0.016065884466134633
2017-03-23,0.003206347194620909
2017-03-24,0.03237081762051949
2017-03-27,-0.0024452008948338327
2017-03-28,0.0004912622044463237
2017-03-29,0.008172302291492238
2017-03-30,-0.02303914262138295
2017-03-31,0.0008576077544088382
2017-04-03,0.0031221950963500607
2017-04-04,-0.005261891816383646
2017-04-05,
2017-04-06,0.008747097982598206
2017-04-07,0.018176650434858575
2017-04-10,-0.011585196841479371
2017-04-11,-0.0036594502607218467
2017-04-12,
2017-04-13,0.012938731484123915
2017-04-17,0.002826396836718317
2017-04-18,-0.019758143473318182
2017-04-19,-0.0029056234057385374
2017-04-20,-0.0021110546954131023
2017-04-24,-0.0005235194227107545
2017-04-25,0.001666211622404306
2017-04-26,-0.0007911487505481481
2017-04-27,0.10873560528168687
2017-04-28,0.003334275494354613
2017-05-02,0.0012009985451002896
2017-05-03,-0.02135390472728048
2017-05-04,0.0179134687426949
2017-05-05,-0.008161036738873039
2017-05-08,0.000597462665346337
2017-05-09,0.012086271933270304
2017-05-10,-0.015350275715775324
2017-05-11,
2017-05-12,0.0004515897214512131
2017-05-15,0.003082239643869186
2017-05-16,-0.006452211962688479
2017-05-17,-0.004360616049558444
2017-05-18,0.02591060307443594
2017-05-19,0.05396003754990197
2017-05-22,-0.01973012732572888
2017-05-23,0.014044804711471372
2017-05-24,-0.00891204703178725
2017-05-25,-0.01676359310120534
2017-05-26,-0.0076030797327176535
2017-05-29,-0.008916869489806568
2017-05-30,0.024299132347020302
2017-05-31,-0.005603662506737477
2017-06-01,0.010635230541187625
2017-06-02,-0.0034948390627538408
2017-06-05,0.00028623230872591547
2017-06-06,0.0006772403389297835
2017-06-07,-0.024410212997227253
2017-06-08,-0.007219978682164273
2017-06-09,0.0008137331671344591
2017-06-12,
2017-06-13,0.0026001974209297687
2017-06-14,0.0027334219964439688
2017-06-16,-0.005392507199864829
2017-06-19,-0.006721263450751673
2017-06-20,-0.005311038442463514
2017-06-21,0.011516889127005787
2017-06-22,0.006589630235726628
2017-06-23,-0.014785077267258197
2017-06-26,0.012709839385078034
2017-06-27,-0.016456200938504237
2017-06-28,0.002902744810169283
2017-06-29,0.0036786891618773646
2017-06-30,-0.0051507177321143275
2017-07-03,-0.003172104858844711
2017-07-04,-0.010776621772232717
2017-07-05,0.002613437035574974
2017-07-06,-0.003340061379364039
2017-07-07,0.00903406928091149
2017-07-10,-0.009478682904515034
2017-07-11,-0.0056723787685265615
2017-07-12,-0.010598660820756164
2017-07-13,-0.011745575587422999
2017-07-14,0.0011065367152211826
2017-07-17,-0.008461499758923354
2017-07-18,-0.0034487350281282667
2017-07-19,0.005399153043269416
2017-07-20,-0.002514000013064662
2017-07-21,
2017-07-24,0.005082274858772025
2017-07-25,-0.005692603222966764
2017-07-26,-0.0076694064527750815
2017-07-27,0.013189404485135222
2017-07-28,-0.003853686866531635
2017-07-31,-0.004169530622962065
2017-08-01,
2017-08-02,-0.0037546362404810045
2017-08-03,-0.010576236680535433
2017-08-04,0.0035889422475897503
2017-08-07,0.002519738520245629
2017-08-08,-0.01819866138063063
2017-08-09,-0.0016852969076206865
2017-08-10,0.010885749860397354
2017-08-11,0.0011393282311982552
2017-08-14,0.0027076060859252756
2017-08-15,-0.014025806076176792
2017-08-16,0.011772213869440426
2017-08-17,-0.015551778664366061
2017-08-18,0.005811114001751159
2017-08-21,-0.0055758045696999445
2017-08-22,-0.005099998681057182
2017-08-23,-0.052031320783608816
2017-08-24,0.0024213681505732667
2017-08-25,-0.02040487994042043
2017-08-28,0.00016317899015467043
2017-08-29,-0.009380392481278178
2017-08-30,-0.0035333839527712098
2017-08-31,0.0035778827441008097
2017-09-01,0.006464272943961105
2017-09-04,-0.008495766699774754
2017-09-05,-0.01763272143938681
2017-09-06,-0.005270395282910247
2017-09-08,-0.016581372658077857
2017-09-11,0.014247805530603197
2017-09-12,
2017-09-13,0.006829477927876559
2017-09-14,-0.0010249397331749295
2017-09-15,-0.0032825205144636866
2017-09-18,-0.007932126957063215
2017-09-19,-0.007885500874577378
2017-09-20,0.0064653128840871646
2017-09-21,0.003604629925980465
2017-09-22,-0.008540081010461626
2017-09-25,0.0020182823800055294
2017-09-26,0.00857944621106414
2017-09-27,-0.0021873054738352003
2017-09-28,0.0076308516161533195
2017-09-29,
2017-10-02,-0.013382550497844058
2017-10-03,0.0018881228717490955
2017-10-04,-0.030326027023208413
2017-10-05,0.003616492734896459
2017-10-06,0.002759554938061707
2017-10-09,0.008220070942324628
2017-10-10,0.00040652272254808504
2017-10-11,-0.011972233253121991
2017-10-13,0.003294270955231937
2017-10-16,-0.0068593020630596324
2017-10-17,0.0015505345991826966
2017-10-18,0.007823450551034892
2017-10-19,-0.009353725227406115
2017-10-20,0.008449915555498433
2017-10-23,-0.006135414528397525
2017-10-24,0.014671157113142708
2017-10-25,-0.02129063655218482
2017-10-26,-0.0035426758373857097
2017-10-27,0.02366592987123116
2017-10-30,0.005153996116464305
2017-10-31,0.0173957119557274
2017-11-01,0.0037242614748381957
2017-11-03,-0.0067665797678586066
2017-11-06,-0.000503817574628228
2017-11-07,-0.006049240887443549
2017-11-08,0.01424556313460503
2017-11-09,-0.025898918709490314
2017-11-10,0.027536407547458366
2017-11-13,0.010869195348948403
2017-11-14,-0.01444665233539514
2017-11-16,0.011814133484499011
2017-11-17,-0.020636986884786476
2017-11-20,-0.010656762730298114
2017-11-21,0.0
2017-11-22,-0.01773800701416092
2017-11-23,0.007134064276505478
2017-11-24,-0.004372632116529508
2017-11-27,0.003535856065178556
2017-11-28,-0.005170910677320782
2017-11-29,-0.0046252966708549455
2017-11-30,0.012584483719454424
2017-12-01,0.008758612276363898
2017-12-04,-0.011610404069811744
2017-12-05,0.008091092143489827
2017-12-06,0.003027917463304485
2017-12-07,-0.014474933350673794
2017-12-08,0.0072056835414548714
2017-12-11,-0.00964387626653495
2017-12-12,0.008765849905536034
2017-12-13,-0.01724284440008498
2017-12-14,0.020485248452946057
2017-12-15,0.0032926818835590827
2017-12-18,
2017-12-19,
2017-12-20,-0.00150453367054854
2017-12-21,-0.0011666546814547412
2017-12-22,-0.023630945954903667
2017-12-26,-0.013337969913803227
2017-12-27,-0.01397379981209464
2017-12-28,-0.007321482704125788
2017-12-29,0.021396138698549123
2018-01-02,0.0
2018-01-03,-0.010041560080200438
2018-01-04,0.002584649350345139
2018-01-05,-0.00546182925820034
2018-01-08,-0.00012785506654794387
2018-01-09,0.029099147964216306
2018-01-10,0.011482578310434897
2018-01-11,0.006599102989055404
2018-01-12,-0.015242474852886911
2018-01-15,0.000534192714527803
2018-01-16,-0.005164437052886183
2018-01-17,-0.0034860871791628175
2018-01-18,-0.007035663164202596
2018-01-19,-0.0029962336796702776
2018-01-22,0.0012219000879808324
2018-01-23,-0.0003680258480199495
2018-01-24,0.00410392892143757
2018-01-25,-0.01590859549060678
2018-01-26,0.0
2018-01-29,-0.016908344492246898
2018-01-30,0.005033375906154884
2018-01-31,0.009826362439934733
2018-02-01,-0.012459899054769637
2018-02-02,-0.014654562390572851
2018-02-05,0.006605758896597343
2018-02-06,0.023105998954302265
2018-02-07,-0.021817657958825024
2018-02-08,0.017449061309385935
2018-02-09,-0.00044036037664368054
2018-02-14,0.006117865953931778
2018-02-15,0.0
2018-02-16,-0.031033072945277292
2018-02-19,-0.007544932019777182
2018-02-20,-0.009875926401905953
2018-02-21,0.0015068042938157968
2018-02-22,-0.009224987599740778
2018-02-23,0.009012245998045607
2018-02-26,-0.008520943713571002
2018-02-27,-0.015026853429054816
2018-02-28,0.010113518103385913
2018-03-01,0.0188238397332846
2018-03-02,0.005559344719415552
2018-03-05,0.002365450048937343
2018-03-06,0.0004024414325740108
2018-03-07,0.007368721681732928
2018-03-08,-0.0014767975954601744
2018-03-09,0.0007261321171196647
2018-03-12,-0.018839987048169745
2018-03-13,-0.0120804903556398
2018-03-14,0.009817790453408772
2018-03-15,0.01069099543756626
2018-03-16,0.010388613597190269
2018-03-19,0.0013113167674584608
2018-03-20,0.0006893619823425704
2018-03-21,0.0018077555029754118
2018-03-22,-0.008371861321555641
2018-03-23,-0.0021793523541307203
2018-03-26,0.01212100586957425
2018-03-27,-0.016820693113848338
2018-03-28,0.012186234581533957
2018-03-29,0.012518518979346771
2018-04-02,-0.021568124569991992
2018-04-03,0.010865843458228995
2018-04-04,0.001205411683067386
2018-04-05,0.0023823583911023027
2018-04-06,-0.0031724576326055236
2018-04-09,-0.01094938768936295
2018-04-10,0.007054098648440227
2018-04-11,-0.01305353840735855
2018-04-12,-5.8562872614966247e-05
2018-04-13,0.005685098727884964
2018-04-16,0.004003619760822256
2018-04-17,0.0069023649738835825
2018-04-18,-0.008921809638315008
2018-04-19,-0.006387011045529772
2018-04-20,0.00338548060967977
2018-04-23,-0.00035711019243849233
2018-04-24,
2018-04-25,-0.000804586966720422
2018-04-26,
2018-04-27,0.014643929192726998
2018-04-30,0.002274512432540698
2018-05-02,0.0032971626025641793
2018-05-03,0.009142829232629195
2018-05-04,0.005026009466585241
2018-05-07,-0.017398180108261933
2018-05-08,0.007170447478313925
2018-05-09,0.007741455084504677
2018-05-10,-0.00983642155628159
2018-05-11,-0.02120144668756771
2018-05-14,0.03110919737727484
2018-05-15,-0.006463087548259859
2018-05-16,0.0038112379279801817
2018-05-17,-0.030377659796204264
2018-05-18,0.0349321853809209
2018-05-21,-0.0010862609498304438
2018-05-22,0.0032317232404281233
2018-05-23,-0.024770413577212422
2018-05-24,0.011890054098787569
2018-05-25,-0.0165490071128457
2018-05-28,0.007513077481337288
2018-05-29,0.015626259166959353
2018-05-30,-0.008164792000904142
2018-06-01,-0.000488884541699184
2018-06-04,-0.020626084875197404
2018-06-05,-0.014777052027084429
2018-06-06,0.024871236381196888
2018-06-07,-0.0008873367500154827
2018-06-08,0.007907294337425076
2018-06-11,-0.006890130552007113
2018-06-12,0.02140790731389238
2018-06-13,0.009662677276925808
2018-06-14,0.00872950280578967
2018-06-15,-0.002183721417051712
2018-06-18,-0.004877345980055649
2018-06-19,0.0073845098246258095
2018-06-20,-0.030053245841832193
2018-06-21,-0.014396628454916686
2018-06-22,0.021847996582802856
2018-06-25,0.0011156956214057653
2018-06-26,-0.0044293878277892225
2018-06-27,-0.0076706408327388825
2018-06-28,0.02390217644099727
2018-06-29,-0.015249389680869101
2018-07-02,-0.01036653731058433
2018-07-03,-0.0017715833942947845
2018-07-04,-0.017894874819479552
2018-07-05,-0.012023085279645922
2018-07-06,0.003432005335250738
2018-07-09,-0.0021757886262105995
2018-07-10,0.0
2018-07-11,-0.0018608862785965984
2018-07-12,-0.0033696469095106886
2018-07-13,-0.009406115878771994
2018-07-16,-0.004897211971998616
2018-07-17,-0.0007149075544914162
2018-07-18,-0.012125460578053873
2018-07-19,0.004377168956539259
2018-07-20,-0.00871255148980689
2018-07-23,-0.019445040211804064
2018-07-24,0.00611972067991985
2018-07-25,-0.019189143454359948
2018-07-26,-0.00598290748182964
2018-07-27,0.014970404952567313
2018-07-30,0.002650775872642205
2018-07-31,-0.003565795214109283
2018-08-01,0.009967509742628815
2018-08-02,-0.0031403481021403607
2018-08-03,-0.012689826527387219
2018-08-06,-0.02620667706525306
2018-08-07,0.005804160632617606
2018-08-08,0.008573850479146878
2018-08-09,0.018247940823050073
2018-08-10,0.007051316075204907
2018-08-13,0.020672042581731047
2018-08-14,-0.013551263870805982
2018-08-15,-0.014731946907866384
2018-08-16,0.009483868900187074
2018-08-17,0.0047863003992873855
2018-08-20,-0.0013630502390407709
2018-08-21,-0.012042499730202256
2018-08-22,0.017121888367516002
2018-08-23,-0.015152192076405365
2018-08-24,0.023070166966149344
2018-08-27,-0.009412278504800413
2018-08-28,-0.014852552743528133
2018-08-29,0.0049787012035331785
2018-08-30,-0.0014020414336752742
2018-08-31,0.014283877030928354
2018-09-03,-0.005263409852913916
2018-09-04,-0.009264388457387206
2018-09-05,0.012746607792552812
2018-09-06,-0.011399291454930592
2018-09-10,-0.00909877876094152
2018-09-11,-0.0035245673723870627
2018-09-12,0.014419434390931338
2018-09-13,0.004116587477332285
2018-09-14,0.01634841808051489
2018-09-17,-0.008277531857245814
2018-09-18,-0.016594144436457667
2018-09-19,-0.015110248988342742
2018-09-20,-0.01614814992744155
2018-09-21,0.009429057910465978
2018-09-24,0.00971664946705763
2018-09-25,0.003519605746403167
2018-09-26,0.006655380066503407
2018-09-27,-0.009233987293203327
2018-09-28,-0.008190460280407728
2018-10-01,-0.0015053625084046974
2018-10-02,0.006499873588688252
2018-10-03,-0.03678433708879315
2018-10-04,-0.010317975279544832
2018-10-05,-0.008499449960692856
2018-10-08,-0.004002142103835791
2018-10-09,-0.03927595574794237
2018-10-10,0.012461618983801088
2018-10-11,0.02850511186117618
2018-10-15,0.029159218713435707
2018-10-16,0.009723724812060202
2018-10-17,-0.031829165596493736
2018-10-18,-0.002251435196295455
2018-10-19,-0.00099110134240471
2018-10-22,0.005460352061577047
2018-10-23,-0.02482121870352359
2018-10-24,-0.004690541492840518
2018-10-25,0.017726445621544712
2018-10-26,-0.00622574115662035
2018-10-29,-8.353183684114279e-05
2018-10-30,0.017737309564716724
2018-10-31,-0.021907139003032292
2018-11-01,-0.0011143411205158183
2018-11-05,-0.013823746626700316
2018-11-06,-0.018010092498351157
2018-11-07,0.016746006091756794
2018-11-08,-0.0062712783544362355
2018-11-09,0.01640504393773154
2018-11-12,-0.00023609900589381758
2018-11-13,0.003120216873905828
2018-11-14,-0.0007677805152972767
2018-11-16,-0.011796161766540766
2018-11-19,-0.015419839860332107
2018-11-20,0.006162263522688178
2018-11-21,0.0
2018-11-22,-0.00017528994510836258
2018-11-23,-0.006746942158342326
2018-11-26,-0.00024478598313795556
2018-11-27,0.00746745688844547
2018-11-28,-0.02492795238534988
2018-11-29,-0.004878021883477903
2018-11-30,-0.00951420358496039
2018-12-03,0.004509186291264993
2018-12-04,-0.00218870844171097
2018-12-05,0.017327992116127715
2018-12-06,-0.015248382832846106
2018-12-07,-0.007145732960285879
2018-12-10,0.009808640660428965
2018-12-11,0.012983529975391516
2018-12-12,-0.013074514832185014
2018-12-13,-0.003333948362500239
2018-12-14,-0.0016665117595628665
2018-12-17,0.0010751466550835793
2018-12-18,-0.001135244016221346
2018-12-19,0.002733799056964941
2018-12-20,0.005287211654083189
2018-12-21,-0.004600460961312066
2018-12-24,
2018-12-26,0.0
2018-12-27,-0.001114285609409858
2018-12-28,-0.0077526468741256245
2018-12-31,-0.01644962566879981
2019-01-02,0.0
2019-01-03,-0.028203564885500264
2019-01-04,-0.019273913868894727
2019-01-07,-0.007371851193538679
2019-01-08,0.01031387541972509
2019-01-09,-0.0037508953678647428
2019-01-10,-0.015526000735523975
2019-01-11,-0.0007219187980378929
2019-01-14,0.007725253268008404
2019-01-15,-0.00764576853413412
2019-01-16,0.005281226599666968
2019-01-17,0.0016114051793190047
2019-01-18,0.00046821009479609127
2019-01-21,-2.7493420685416694e-05
2019-01-22,-0.002830100252343192
2019-01-23,0.0057329672660457
2019-01-24,-0.0027858306363138102
2019-01-25,-0.008745844225227834
2019-01-28,0.0
2019-01-29,0.007991935178658167
2019-01-30,-0.0036143292124531552
2019-01-31,-0.01157206711253516
2019-02-01,0.002522389109657301
2019-02-04,0.00348855611980915
2019-02-05,0.00270131552894385
2019-02-06,0.0036559891428287385
2019-02-07,0.03574306219877614
2019-02-08,-0.0006415968063829746
2019-02-11,-0.005024751983197194
2019-02-12,0.007343642406367194
2019-02-13,0.008664135283044393
2019-02-14,-0.0070128618840334745
2019-02-15,-0.0018360104872580975
2019-02-18,0.01600211351908318
2019-02-19,0.001817724761128107
2019-02-20,-0.000640736730002171
2019-02-21,0.00856958973499849
2019-02-22,-0.0018753565056145662
2019-02-25,-0.009940662953081693
2019-02-26,0.0006966436988840681
2019-02-27,-0.0012653176710656433
2019-02-28,-0.002017340891256341
2019-03-01,0.013212452486670523
2019-03-06,-0.009338886119239019
2019-03-07,0.0
2019-03-08,0.003170049016704022
2019-03-11,-0.017472556867369697
2019-03-12,-0.01994368529996619
2019-03-13,0.000574972661551526
2019-03-14,-0.007040211381112006
2019-03-15,-0.0008140597623774102
2019-03-18,0.004348242198418728
2019-03-19,-0.01752737800533351
2019-03-20,-0.0005737244490027821
2019-03-21,0.011633536430768001
2019-03-22,0.010306980469973142
2019-03-25,0.020790620215705505
2019-03-26,-0.008273962481449083
2019-03-27,-0.01388650952510031
2019-03-28,0.03524794162345969
2019-03-29,-0.01600337441271337
2019-04-01,0.0007868747787162511
2019-04-02,-0.00979427738498592
2019-04-03,0.005014907105332576
2019-04-04,0.0030809953047105255
2019-04-05,-0.019907178825087583
2019-04-08,-0.004148312786614544
2019-04-09,
2019-04-10,0.00485052057470403
2019-04-11,-0.008037147934541482
2019-04-12,0.0024032275474387176
2019-04-15,0.09562256065700203
2019-04-16,-6.76448600764666e-05
2019-04-17,0.0011857150315468714
2019-04-18,
2019-04-22,-0.007834032238059202
2019-04-23,0.016061285701633145
2019-04-24,-0.025685513105938435
2019-04-25,0.008328439038452526
2019-04-26,-0.006602086144823582
2019-04-29,-0.004782047073516224
2019-04-30,-0.0058537929921454596
2019-05-02,-0.0013572756568170402
2019-05-03,-0.0009696546999852741
2019-05-06,-0.007818993022396864
2019-05-07,-0.01147190907167353
2019-05-08,0.002896106748763581
2019-05-09,-0.014456828681853317
2019-05-10,0.003390461869743685
2019-05-13,0.013076211036741763
2019-05-14,0.02320176197132175
2019-05-15,-0.008236008104561455
2019-05-16,0.0048571476354311825
2019-05-17,0.007382000893643048
2019-05-20,0.008346140767276853
2019-05-21,-0.0222707182937167
2019-05-22,-0.029065688743155585
2019-05-23,-0.0011776802292441197
2019-05-24,-0.009448459723220653
2019-05-27,0.005699917402341823
2019-05-28,-0.02093647293157331
2019-05-29,-0.01799325662160972
2019-05-30,-0.003286084550849783
2019-05-31,-0.007098091932620294
2019-06-03,-0.008995039792285647
2019-06-04,0.010511991146775364
2019-06-05,-0.014552622433657349
2019-06-06,0.020247929998060285
2019-06-07,-0.00965903293570749
2019-06-10,-0.0007148632198817305
2019-06-11,-0.007232452347084084
2019-06-12,-0.008511469953531747
2019-06-13,0.00872946804886264
2019-06-14,-0.013473664258733347
2019-06-17,-0.005006889223795997
2019-06-18,0.0030259985751483285
2019-06-19,-0.006297048848140191
2019-06-21,-0.0016534382555847748
2019-06-24,0.01409829630884599
2019-06-25,-0.007884663334120943
2019-06-26,0.020470680167275598
2019-06-27,-0.003234817685601919
2019-06-28,-0.005289741431256044
2019-07-01,-0.0017228154293494526
2019-07-02,
2019-07-03,0.0017287338556983183
2019-07-04,0.0005026937619781839
2019-07-05,-0.017889715578063767
2019-07-08,-0.006183609502984804
2019-07-09,-0.0020247413493963
2019-07-10,0.0
2019-07-11,-0.008018920146454358
2019-07-12,0.025675441292251022
2019-07-15,0.022406398626247402
2019-07-16,0.0054238681869492695
2019-07-17,0.001520805874270272
2019-07-18,-0.010336662475758884
2019-07-19,0.0011971410011296472
2019-07-22,0.016147437087843892
2019-07-23,-0.0005925100119396824
2019-07-24,-0.00019932690064295485
2019-07-25,0.00034224772983151505
2019-07-26,0.010237911399124052
2019-07-29,-0.013871863168127038
2019-07-30,-0.0032895048711468547
2019-07-31,-0.002913651608704856
2019-08-01,0.006435491488756766
2019-08-02,-0.015093864444843865
2019-08-05,-0.011598349338078054
2019-08-06,0.0010783507771001156
2019-08-07,-0.029142622044979714
2019-08-08,0.004976092291967377
2019-08-09,-0.006198039902715139
2019-08-12,-0.017997360411213796
2019-08-13,0.01875249002727422
2019-08-14,-0.004216753911681766
2019-08-15,0.026331580953963478
2019-08-16,0.008676876458781901
2019-08-19,-0.013678313156576206
2019-08-20,0.005453231462846294
2019-08-21,-0.00839772144037055
2019-08-22,-0.020678645507183326
2019-08-23,0.012896875754588925
2019-08-26,0.011930781659286084
2019-08-27,-0.005658489395959233
2019-08-28,-0.013625060041326922
2019-08-29,-0.006452101226227369
2019-08-30,-1.8129037367600742e-05
2019-09-02,0.05603989618911659
2019-09-03,0.0035766355857057746
2019-09-04,0.0007611548252995631
2019-09-05,0.0055058207214416744
2019-09-06,-0.010737480442638354
2019-09-09,-0.007494802618433286
2019-09-10,0.0027874429757331577
2019-09-11,-0.007397026914681645
2019-09-12,-0.02133051020316851
2019-09-13,-0.019454759837335186
2019-09-16,0.0033455318346543132
2019-09-17,-0.00540832475792578
2019-09-18,-0.013410275360359443
2019-09-19,0.009001195189871622
2019-09-20,0.16909923316067565
2019-09-23,-0.013446996523169986
2019-09-24,-0.010316476051059332
2019-09-25,0.02029336224778307
2019-09-26,0.002158083856388259
2019-09-27,0.009648664601269192
2019-09-30,-0.010678150114984988
2019-10-01,-0.019974824231780007
2019-10-02,0.042713201906009725
2019-10-03,0.009293467065245701
2019-10-04,-0.010310369335458636
2019-10-07,-0.01479842339382577
2019-10-08,0.014778414113826728
2019-10-09,0.0006564384186188979
2019-10-10,-0.0011848182793862266
2019-10-11,4.8189211894555635e-05
2019-10-14,
2019-10-15,-0.002703845412022186
2019-10-16,-0.00899793540263629
2019-10-17,-0.008132758695581463
2019-10-18,-0.007188504688319767
2019-10-21,0.002752620397525627
2019-10-22,-0.009096833842614576
2019-10-23,-0.010880566346297717
2019-10-24,0.01821281006299396
2019-10-25,0.005258236421450002
2019-10-28,-0.0011987257614179776
2019-10-29,-0.0004747915670262298
2019-10-30,0.0021636587812138455
2019-10-31,-0.01585663414866504
2019-11-01,0.01012051567272623
2019-11-04,-0.019699621111970125
2019-11-05,
2019-11-06,0.0025312633946067624
2019-11-07,0.00260087356963087
2019-11-08,-0.012091498338048734
2019-11-11,0.021958916044432862
2019-11-12,-0.010930024674215435
2019-11-13,0.013283011660100543
2019-11-14,0.012413377297588842
2019-11-18,-0.009376519528673547
2019-11-19,0.0019485261665477668
2019-11-20,-0.0017258285291800216
2019-11-21,0.0
2019-11-22,-0.01952892737178829
2019-11-25,-0.013351904625234846
2019-11-26,-0.006074920363534814
2019-11-27,0.006201236667358147
2019-11-28,-0.006527489680853608
2019-11-29,-0.002516645379825405
2019-12-02,0.004780664311794363
2019-12-03,-0.014066107038260752
2019-12-04,-0.011576823399843504
2019-12-05,-0.0004885507632910197
2019-12-06,0.00027314459256097545
2019-12-09,-0.017494033144285395
2019-12-10,-0.0012240255476304164
2019-12-11,0.0011193321998428515
2019-12-12,-0.015461071034879143
2019-12-13,-0.0029977205897248997
2019-12-16,-0.014489476804673506
2019-12-17,0.010103654102213706
2019-12-18,-0.01040944340232185
2019-12-19,
2019-12-20,0.004099427318690108
2019-12-23,0.0009491271702901545
2019-12-24,0.08977828685850568
2019-12-26,0.0
2019-12-27,-0.004398427868272423
2019-12-30,0.01659719542763578
2019-12-31,0.017480403567821347
2020-01-02,0.0
2020-01-03,-0.02816629451517332
2020-01-06,-0.009207974875952304
2020-01-07,0.0167834231024478
2020-01-08,0.006319311703705205
2020-01-09,0.0068267127952935545
2020-01-10,-0.004267922019197899
2020-01-13,0.0035478238726596696
2020-01-14,-0.008878333989336311
2020-01-15,-0.009414724806489904
2020-01-16,0.008864720511214378
2020-01-17,0.015324812090481216
2020-01-20,0.007644600069881402
2020-01-21,-0.008632535346752207
2020-01-22,0.00025096641481945313
2020-01-23,-0.007415212848962665
2020-01-24,-0.002355528211113957
2020-01-27,0.003760975247957739
2020-01-28,0.016298094840507656
2020-01-29,-0.020685835229023557
2020-01-30,0.0035862419012188196
2020-01-31,-0.006801581662439108
2020-02-03,0.004917995120723509
2020-02-04,-0.007404859515216169
2020-02-05,0.0001506305235543029
2020-02-06,0.0019447233387867042
2020-02-07,
2020-02-10,0.018255789492264078
2020-02-11,0.004177417677881261
2020-02-12,-0.027249533667451642
2020-02-13,-0.0011008011795288365
2020-02-14,-0.004247981161097396
2020-02-17,0.007392477169511474
2020-02-18,
2020-02-19,-0.010614303284320689
2020-02-20,-0.01875150568825517
2020-02-21,0.01808189059304633
2020-02-26,0.00789954493664285
2020-02-27,0.0
2020-02-28,0.06274193322119911
2020-03-02,-0.03016621053805789
2020-03-03,-0.004675756254533207
2020-03-04,0.0032951647552349923
2020-03-05,-0.013992619861481315
2020-03-06,0.028170296903245143
2020-03-09,0.013490925528786009
2020-03-10,0.03750192557199537
2020-03-11,-0.04519312656783194
2020-03-12,0.030033267242192407
2020-03-13,0.09699755775347732
2020-03-16,-0.08971215900044342
2020-03-17,0.07847914322399624
2020-03-18,-0.02856035733862248
2020-03-19,0.05100711615662358
2020-03-20,-0.06007850375398022
2020-03-23,0.0023972211067813743
2020-03-24,0.009900798157593337
2020-03-25,-0.03173307897914107
2020-03-26,-0.08550252417799423
2020-03-27,-0.024607644003392846
2020-03-30,0.0192961752464023
2020-03-31,0.0066807261510945844
2020-04-01,0.03811224426484131
2020-04-02,0.013786627628927794
2020-04-03,-0.010787395374152856
2020-04-06,0.005121476333794658
2020-04-07,-0.0399993257233282
2020-04-08,-0.016978659822270786
2020-04-09,-0.03631939083396425
2020-04-13,0.01275999991360848
2020-04-14,-0.014484952077033496
2020-04-15,-0.020808865252599403
2020-04-16,-0.004676221322430056
2020-04-17,0.00020787828303439962
2020-04-20,-0.007277859953786379
2020-04-22,-0.007078541217300932
2020-04-23,-0.03639109367818292
2020-04-24,0.027900493558374803
2020-04-27,0.045398892380646316
2020-04-28,-0.02316960206593631
2020-04-29,-0.03779970815954975
2020-04-30,-0.027883063522394946
2020-05-04,0.019223634396064365
2020-05-05,0.0033979994366214756
2020-05-06,0.0055527856524461225
2020-05-07,0.0025990405019890063
2020-05-08,-0.0016269301542419408
2020-05-11,-0.01755926574719734
2020-05-12,-0.0005328389227266701
2020-05-13,0.016523209853897998
2020-05-14,-0.018511102568099777
2020-05-15,-0.03040521340929893
2020-05-18,0.011662128900155772
2020-05-19,-0.04444412883297423
2020-05-20,-0.0004537839694376414
2020-05-21,-0.011446926667997615
2020-05-22,-0.013297434297639294
2020-05-25,0.009216192327391518
2020-05-26,-0.038803558624461686
2020-05-27,-0.0015602209839464913
2020-05-28,-0.02369627520451669
2020-05-29,0.009051869362270409
2020-06-01,0.008045174873830411
2020-06-02,-0.024090538691878292
2020-06-03,-0.027343395867198205
2020-06-04,-0.025637318983561728
2020-06-05,-0.0005238511561246832
2020-06-08,0.000636670702841232
2020-06-09,-0.0440297530722399
2020-06-10,0.019730593798549724
2020-06-12,0.02819838851100584
2020-06-15,0.017881528546997007
2020-06-16,-0.0060721474439370225
2020-06-17,0.002064221862315211
2020-06-18,-0.021451024838474393
2020-06-19,0.006103951214544559
2020-06-22,-0.0018215932529346158
2020-06-23,0.0041013399467052705
2020-06-24,-0.01431674917317962
2020-06-25,0.008983468246553423
2020-06-26,0.004268449249549264
2020-06-29,0.007098211778887073
2020-06-30,-0.022459261816628093
2020-07-01,-0.0018984154427062801
2020-07-02,-0.02785047905846396
2020-07-03,0.0009228443471364055
2020-07-06,-0.004932000452156866
2020-07-07,-0.011922016839912206
2020-07-08,0.002011976500985237
2020-07-09,-0.01169554947619336
2020-07-10,-0.004536033390325967
2020-07-13,-0.01602591800830771
2020-07-14,
2020-07-15,-0.007281788511871829
2020-07-16,-0.014023585762082758
2020-07-17,0.004977659485937758
2020-07-20,-0.017145990729850423
2020-07-21,-0.0068923117161124575
2020-07-22,0.009386298897648984
2020-07-23,0.008127721665958897
2020-07-24,0.0034666387899569898
2020-07-27,-0.012489332701064032
2020-07-28,-0.012647051038419954
2020-07-29,-0.0037014948620611877
2020-07-30,-0.01549001250874828
2020-07-31,-0.008522705029445434
2020-08-03,
2020-08-04,0.006287428993151361
2020-08-05,0.01954634258548852
2020-08-06,-0.013453170709279805
2020-08-07,-0.012285703450691755
2020-08-10,-0.0024423929824999935
2020-08-11,
2020-08-12,-0.015305900383621892
2020-08-13,-0.0007147716974130608
2020-08-14,0.012729135560876412
2020-08-17,-0.013116971023395322
2020-08-18,0.009525759620674229
2020-08-19,-0.024629390246450493
2020-08-20,0.014196556793073344
2020-08-21,-0.014814672583589242
2020-08-24,-0.00583658970586573
2020-08-25,-0.0007607099884164193
2020-08-26,0.011326871354707089
2020-08-27,0.009941429331750677
2020-08-28,0.006234914909633085
2020-08-31,-0.009681170210556183
2020-09-01,0.021274280332780015
2020-09-02,-0.030100249921957402
2020-09-03,-0.014871993575951564
2020-09-04,
2020-09-08,-0.009130091961805161
2020-09-09,-0.010450545173023913
2020-09-10,0.0018424426912691562
2020-09-11,0.015431576403329844
2020-09-14,0.007110000435491002
2020-09-15,-0.031196941324154542
2020-09-16,
2020-09-17,0.011191772635111188
2020-09-18,6.270829807549991e-06
2020-09-21,
2020-09-22,
2020-09-23,-0.004757850825826545
2020-09-24,0.0035061552021702965
2020-09-25,-0.01026658119513934
2020-09-28,
2020-09-29,0.03280161228239506
2020-09-30,0.0052502951866113135
2020-10-01,-0.00840025827793211
2020-10-02,-0.017062918069178642
2020-10-05,0.015099157365464314
2020-10-06,-0.02174905730688058
2020-10-07,-0.0006860636384540564
2020-10-08,0.004699558958284356
2020-10-09,-0.020822364224665813
2020-10-13,-0.010199790348030301
2020-10-14,
2020-10-15,-0.010863647191554127
2020-10-16,-0.007198314513090599
2020-10-19,0.003538224439258144
2020-10-20,-0.003858810637541757
2020-10-21,-0.01934024853400322
2020-10-22,-0.025504134955456156
2020-10-23,-0.0012899654902025787
2020-10-26,0.0009005229532511848
2020-10-27,
2020-10-28,-0.0006106677076801424
2020-10-29,0.02915609383549528
2020-10-30,-0.012832899410763222
2020-11-03,0.02110346869801595
2020-11-04,-0.014207497045203785
2020-11-05,-0.023383383432678116
2020-11-06,-0.026373223424510407
2020-11-09,-0.003205675071923017
2020-11-10,
2020-11-11,0.0023636982006943735
2020-11-12,0.005855521694483306
2020-11-13,
2020-11-16,-0.0115926805672003
2020-11-17,-0.009055658817816392
2020-11-18,0.005995903962586075
2020-11-19,0.002157892471016139
2020-11-20,-0.010240884647785399
2020-11-23,0.0
2020-11-24,-0.009820381523910243
2020-11-25,-0.009941065525477927
2020-11-26,-0.026336647313251835
2020-11-27,-0.010569420322533055
2020-11-30,-0.0018107283379639417
2020-12-01,0.011094472322944821
2020-12-02,-0.01301242658292822
2020-12-03,-0.006432999680780014
2020-12-04,-0.002089253438192995
2020-12-07,-0.00446326292333359
2020-12-08,-0.007588758809701451
2020-12-09,-0.002398277763309119
2020-12-10,0.005982688904671608
2020-12-11,-0.007597317813807347
2020-12-14,0.002271275835695484
2020-12-15,0.008118890883517355
2020-12-16,-0.010238353145087552
2020-12-17,-0.008962751956509555
2020-12-18,0.009347512421412909
2020-12-21,-0.009615706961506768
2020-12-22,0.017121337450094132
2020-12-23,0.0014705111255878538
2020-12-24,-0.010024987117584289
2020-12-28,0.0
2020-12-29,-0.014531670375656157
2020-12-30,0.003615400696196633
2020-12-31,0.0019135814709407492
2021-01-04,0.0
2021-01-05,0.0019693791958116428
2021-01-06,0.0014930828924026895
2021-01-07,0.009594282192027716
2021-01-08,-0.003111748504976146
2021-01-11,-0.01765275365366816
2021-01-12,0.0026030286501342267
2021-01-13,-0.006802058091006284
2021-01-14,0.005230817003234784
2021-01-15,-0.019795767416802924
2021-01-18,0.014264290489267216
2021-01-19,0.0036828982583311347
2021-01-20,0.013400659304553569
2021-01-21,-0.008837754155239408
2021-01-22,-0.00157653908400638
2021-01-25,0.044863723369508696
2021-01-26,0.0
2021-01-27,-1.3881694449251702
2021-01-28,-0.012947592472590197
2021-01-29,-0.021095115990722627
2021-02-01,0.012908622684022101
2021-02-02,-0.012622054334940984
2021-02-03,-0.016746693466457813
2021-02-04,-0.009434841467441576
2021-02-05,0.004998351755927728
2021-02-08,-1.5091243928136056
2021-02-09,0.01197625249048715
2021-02-10,
2021-02-11,0.007971576980432032
